model,config,baseline,scatter,sg,factorial,repeat,property,rmse,rel_rmse
PLS,raw,-,-,-,True,0,moisture,0.006462567164517442,0.016990438341434405
PLS,raw,-,-,-,True,0,oil,0.025784609023376946,0.14563698489599167
PLS,raw,-,-,-,True,0,protein,0.08077382827967942,0.1619970205750584
PLS,raw,-,-,-,True,0,starch,0.1099776512181954,0.13399906624200922
PLS,raw,-,-,-,True,1,moisture,0.007418494382233009,0.0195036226593738
PLS,raw,-,-,-,True,1,oil,0.02453573363232726,0.13858306965925568
PLS,raw,-,-,-,True,1,protein,0.1071173528419055,0.21483062499145456
PLS,raw,-,-,-,True,1,starch,0.11916538292695045,0.14519359036775803
PLS,raw,-,-,-,True,2,moisture,0.0061514408325574945,0.016172470400058765
PLS,raw,-,-,-,True,2,oil,0.026991122663146946,0.15245163190392907
PLS,raw,-,-,-,True,2,protein,0.07602213704563619,0.15246720331862812
PLS,raw,-,-,-,True,2,starch,0.11070644846866068,0.1348870480270388
PLS,sg-smooth,-,-,smooth,True,0,moisture,0.006284097987869404,0.016521233230757392
PLS,sg-smooth,-,-,smooth,True,0,oil,0.02466629591452916,0.139320513345285
PLS,sg-smooth,-,-,smooth,True,0,protein,0.06751183601938983,0.1353992564376753
PLS,sg-smooth,-,-,smooth,True,0,starch,0.10921710734295462,0.13307240370658055
PLS,sg-smooth,-,-,smooth,True,1,moisture,0.007540532660776234,0.01982446788915615
PLS,sg-smooth,-,-,smooth,True,1,oil,0.02364070123095225,0.1335277352850832
PLS,sg-smooth,-,-,smooth,True,1,protein,0.1100054801507441,0.22062294694818194
PLS,sg-smooth,-,-,smooth,True,1,starch,0.11712096933466808,0.14270263416580392
PLS,sg-smooth,-,-,smooth,True,2,moisture,0.005940095172942303,0.015616831238869512
PLS,sg-smooth,-,-,smooth,True,2,oil,0.026553816221573604,0.14998163161931757
PLS,sg-smooth,-,-,smooth,True,2,protein,0.07623520847586271,0.15289453154611843
PLS,sg-smooth,-,-,smooth,True,2,starch,0.10569815675223214,0.12878484084189404
PLS,sg-d1,-,-,d1,True,0,moisture,0.012315977644341553,0.032379370837269224
PLS,sg-d1,-,-,d1,True,0,oil,0.022577583053850263,0.12752301651037212
PLS,sg-d1,-,-,d1,True,0,protein,0.048630058756554406,0.09753065809477948
PLS,sg-d1,-,-,d1,True,0,starch,0.11660033809821284,0.14206828619811537
PLS,sg-d1,-,-,d1,True,1,moisture,0.01334746703441189,0.035091212190045705
PLS,sg-d1,-,-,d1,True,1,oil,0.018094887488016152,0.10220379348772224
PLS,sg-d1,-,-,d1,True,1,protein,0.05238591922780524,0.10506327378227114
PLS,sg-d1,-,-,d1,True,1,starch,0.11802388682886839,0.1438027676908996
PLS,sg-d1,-,-,d1,True,2,moisture,0.012886581073932585,0.03387951809161522
PLS,sg-d1,-,-,d1,True,2,oil,0.020462263273975753,0.11557523810688831
PLS,sg-d1,-,-,d1,True,2,protein,0.05659919534306675,0.11351326546979065
PLS,sg-d1,-,-,d1,True,2,starch,0.10196597531258621,0.12423747305926976
PLS,sg-d2,-,-,d2,True,0,moisture,0.07007556148955651,0.18423243835154915
PLS,sg-d2,-,-,d2,True,0,oil,0.020752744270582914,0.11721593688487231
PLS,sg-d2,-,-,d2,True,0,protein,0.0807809056610871,0.1620112147110296
PLS,sg-d2,-,-,d2,True,0,starch,0.1877316470862165,0.22873615807377307
PLS,sg-d2,-,-,d2,True,1,moisture,0.06316748383911415,0.16607072886524685
PLS,sg-d2,-,-,d2,True,1,oil,0.020861712012929155,0.11783140999256388
PLS,sg-d2,-,-,d2,True,1,protein,0.07876260412218353,0.15796338334178536
PLS,sg-d2,-,-,d2,True,1,starch,0.17189589593158222,0.20944154826480543
PLS,sg-d2,-,-,d2,True,2,moisture,0.06353252563836466,0.16703044348396143
PLS,sg-d2,-,-,d2,True,2,oil,0.020021051991565175,0.11308318244631523
PLS,sg-d2,-,-,d2,True,2,protein,0.07061406152528645,0.14162096586770406
PLS,sg-d2,-,-,d2,True,2,starch,0.1710485352786916,0.2084091063550188
PLS,snv,-,snv,-,True,0,moisture,0.17090872208895627,0.44932826704054646
PLS,snv,-,snv,-,True,0,oil,0.05266795597707732,0.2974798765489208
PLS,snv,-,snv,-,True,0,protein,0.13121518166440532,0.26316034458894483
PLS,snv,-,snv,-,True,0,starch,0.14553433538127464,0.17732207254136886
PLS,snv,-,snv,-,True,1,moisture,0.15808136292531288,0.41560444655169737
PLS,snv,-,snv,-,True,1,oil,0.05331288988861043,0.30112260117769857
PLS,snv,-,snv,-,True,1,protein,0.13449328550031026,0.269734789131966
PLS,snv,-,snv,-,True,1,starch,0.13435052235165404,0.16369548126219052
PLS,snv,-,snv,-,True,2,moisture,0.16157233572279386,0.42478240270399586
PLS,snv,-,snv,-,True,2,oil,0.05405696220611856,0.30532528072068527
PLS,snv,-,snv,-,True,2,protein,0.11150098928346847,0.2236222850865859
PLS,snv,-,snv,-,True,2,starch,0.13573711736748686,0.16538493757735398
PLS,snv+sg-smooth,-,snv,smooth,True,0,moisture,0.1615717346253187,0.4247808223862477
PLS,snv+sg-smooth,-,snv,smooth,True,0,oil,0.06189944891245913,0.3496213224781085
PLS,snv+sg-smooth,-,snv,smooth,True,0,protein,0.13659618916012742,0.2739522954047555
PLS,snv+sg-smooth,-,snv,smooth,True,0,starch,0.1435972028401184,0.1749618298118078
PLS,snv+sg-smooth,-,snv,smooth,True,1,moisture,0.15496198774978964,0.4074034406303165
PLS,snv+sg-smooth,-,snv,smooth,True,1,oil,0.0568497982570908,0.32109981588635966
PLS,snv+sg-smooth,-,snv,smooth,True,1,protein,0.14017818787854916,0.28113622035231156
PLS,snv+sg-smooth,-,snv,smooth,True,1,starch,0.13561481870269362,0.16523592633094697
PLS,snv+sg-smooth,-,snv,smooth,True,2,moisture,0.1622848722794089,0.42665569981998647
PLS,snv+sg-smooth,-,snv,smooth,True,2,oil,0.06120111286566985,0.3456769711712351
PLS,snv+sg-smooth,-,snv,smooth,True,2,protein,0.1279444774649478,0.2566007404847558
PLS,snv+sg-smooth,-,snv,smooth,True,2,starch,0.13154729522911252,0.16027997081325768
PLS,snv+sg-d1,-,snv,d1,True,0,moisture,0.1641247452625314,0.4314928253275475
PLS,snv+sg-d1,-,snv,d1,True,0,oil,0.054892192761025305,0.31004284147948297
PLS,snv+sg-d1,-,snv,d1,True,0,protein,0.12073047477555497,0.24213260189343314
PLS,snv+sg-d1,-,snv,d1,True,0,starch,0.13237928261012563,0.16129368160764176
PLS,snv+sg-d1,-,snv,d1,True,1,moisture,0.15225644719095113,0.40029042828166606
PLS,snv+sg-d1,-,snv,d1,True,1,oil,0.04743173797877064,0.2679045977133903
PLS,snv+sg-d1,-,snv,d1,True,1,protein,0.11128238350321745,0.2231838573701413
PLS,snv+sg-d1,-,snv,d1,True,1,starch,0.12204776460528126,0.14870554437997013
PLS,snv+sg-d1,-,snv,d1,True,2,moisture,0.16760833144500392,0.4406513616697832
PLS,snv+sg-d1,-,snv,d1,True,2,oil,0.05121534761896862,0.2892752339531045
PLS,snv+sg-d1,-,snv,d1,True,2,protein,0.09742740490747588,0.19539682163785088
PLS,snv+sg-d1,-,snv,d1,True,2,starch,0.11501778966911916,0.14014007615332558
PLS,snv+sg-d2,-,snv,d2,True,0,moisture,0.1454018435359744,0.38226930481941584
PLS,snv+sg-d2,-,snv,d2,True,0,oil,0.05427611379880658,0.3065630957740491
PLS,snv+sg-d2,-,snv,d2,True,0,protein,0.12191547378344053,0.244509192340492
PLS,snv+sg-d2,-,snv,d2,True,0,starch,0.17293636548640096,0.2107092780922259
PLS,snv+sg-d2,-,snv,d2,True,1,moisture,0.13711346956707365,0.36047872171452466
PLS,snv+sg-d2,-,snv,d2,True,1,oil,0.04520230072768896,0.25531225943251995
PLS,snv+sg-d2,-,snv,d2,True,1,protein,0.12206995875799755,0.24481902172625788
PLS,snv+sg-d2,-,snv,d2,True,1,starch,0.15752923267563776,0.1919369058216739
PLS,snv+sg-d2,-,snv,d2,True,2,moisture,0.141448378340466,0.3718754311575538
PLS,snv+sg-d2,-,snv,d2,True,2,oil,0.04949613989203262,0.2795647811192512
PLS,snv+sg-d2,-,snv,d2,True,2,protein,0.11076093487846497,0.22213805917793014
PLS,snv+sg-d2,-,snv,d2,True,2,starch,0.15433318226672516,0.188042771279675
PLS,base:poly,poly,-,-,True,0,moisture,0.03638932801816256,0.09566951000113723
PLS,base:poly,poly,-,-,True,0,oil,0.02381945560040344,0.13453737818407976
PLS,base:poly,poly,-,-,True,0,protein,0.07837728320523875,0.15719059787600095
PLS,base:poly,poly,-,-,True,0,starch,0.16402441831272008,0.19985077560155098
PLS,base:poly,poly,-,-,True,1,moisture,0.047120850926256154,0.12388326370581842
PLS,base:poly,poly,-,-,True,1,oil,0.023981043317675452,0.1354500601610834
PLS,base:poly,poly,-,-,True,1,protein,0.09764514919005074,0.19583352156622677
PLS,base:poly,poly,-,-,True,1,starch,0.18322596302057884,0.22324633854326598
PLS,base:poly,poly,-,-,True,2,moisture,0.043774789288623744,0.11508628682440639
PLS,base:poly,poly,-,-,True,2,oil,0.024633642371184955,0.13913607915066492
PLS,base:poly,poly,-,-,True,2,protein,0.07752293841114329,0.1554771553645471
PLS,base:poly,poly,-,-,True,2,starch,0.1537220620324344,0.1872981696278895
PLS,base:poly+sg-smooth,poly,-,smooth,True,0,moisture,0.0465196119465325,0.12230257393449218
PLS,base:poly+sg-smooth,poly,-,smooth,True,0,oil,0.026357828352120867,0.1488746502275343
PLS,base:poly+sg-smooth,poly,-,smooth,True,0,protein,0.05319354528444763,0.10668301891137211
PLS,base:poly+sg-smooth,poly,-,smooth,True,0,starch,0.1667026385213235,0.20311397501677875
PLS,base:poly+sg-smooth,poly,-,smooth,True,1,moisture,0.050071915984338355,0.13164177323221823
PLS,base:poly+sg-smooth,poly,-,smooth,True,1,oil,0.023239752849431795,0.13126309309754308
PLS,base:poly+sg-smooth,poly,-,smooth,True,1,protein,0.09870673498810348,0.19796259901658456
PLS,base:poly+sg-smooth,poly,-,smooth,True,1,starch,0.18529770554477673,0.22577059288641066
PLS,base:poly+sg-smooth,poly,-,smooth,True,2,moisture,0.04662029527057525,0.12256727583477589
PLS,base:poly+sg-smooth,poly,-,smooth,True,2,oil,0.02609158049214734,0.14737082538666121
PLS,base:poly+sg-smooth,poly,-,smooth,True,2,protein,0.0659349549386365,0.1322367217117153
PLS,base:poly+sg-smooth,poly,-,smooth,True,2,starch,0.15273220380730518,0.18609210570117285
PLS,base:poly+sg-d1,poly,-,d1,True,0,moisture,0.03791377844881273,0.0996773725714087
PLS,base:poly+sg-d1,poly,-,d1,True,0,oil,0.02134584436453388,0.1205658930291069
PLS,base:poly+sg-d1,poly,-,d1,True,0,protein,0.04386343997539719,0.08797090269862667
PLS,base:poly+sg-d1,poly,-,d1,True,0,starch,0.17187734187587442,0.209418941615979
PLS,base:poly+sg-d1,poly,-,d1,True,1,moisture,0.04623416928772804,0.12155212975790242
PLS,base:poly+sg-d1,poly,-,d1,True,1,oil,0.0192789737353151,0.10889176578767387
PLS,base:poly+sg-d1,poly,-,d1,True,1,protein,0.0476534064706703,0.09557192017408532
PLS,base:poly+sg-d1,poly,-,d1,True,1,starch,0.19111891381242443,0.23286327456877778
PLS,base:poly+sg-d1,poly,-,d1,True,2,moisture,0.03714777055875821,0.09766349642997668
PLS,base:poly+sg-d1,poly,-,d1,True,2,oil,0.020834683880767084,0.11767874932309685
PLS,base:poly+sg-d1,poly,-,d1,True,2,protein,0.055467429479984814,0.11124343746098304
PLS,base:poly+sg-d1,poly,-,d1,True,2,starch,0.15593672438601336,0.18999656047488198
PLS,base:poly+sg-d2,poly,-,d2,True,0,moisture,0.07004920774154182,0.18416315292374455
PLS,base:poly+sg-d2,poly,-,d2,True,0,oil,0.020613070641706935,0.11642703036468668
PLS,base:poly+sg-d2,poly,-,d2,True,0,protein,0.08077263870303145,0.16199463480386467
PLS,base:poly+sg-d2,poly,-,d2,True,0,starch,0.1878110090052618,0.22883285429277253
PLS,base:poly+sg-d2,poly,-,d2,True,1,moisture,0.06148019251627683,0.16163474878876816
PLS,base:poly+sg-d2,poly,-,d2,True,1,oil,0.020860465339496963,0.11782436851446158
PLS,base:poly+sg-d2,poly,-,d2,True,1,protein,0.07876252392505359,0.1579632225013698
PLS,base:poly+sg-d2,poly,-,d2,True,1,starch,0.1720674569848424,0.20965058183376892
PLS,base:poly+sg-d2,poly,-,d2,True,2,moisture,0.06349648827895316,0.16693569931844912
PLS,base:poly+sg-d2,poly,-,d2,True,2,oil,0.020039754253068982,0.11318881681810972
PLS,base:poly+sg-d2,poly,-,d2,True,2,protein,0.07060539215702968,0.14160357890143324
PLS,base:poly+sg-d2,poly,-,d2,True,2,starch,0.17110446030386162,0.20847724657322983
PLS,base:poly+snv,poly,snv,-,True,0,moisture,0.1802247274991643,0.47382054874241525
PLS,base:poly+snv,poly,snv,-,True,0,oil,0.05566883787373408,0.3144294991343098
PLS,base:poly+snv,poly,snv,-,True,0,protein,0.12488382513156938,0.2504624086812087
PLS,base:poly+snv,poly,snv,-,True,0,starch,0.19733060315111234,0.24043172654015352
PLS,base:poly+snv,poly,snv,-,True,1,moisture,0.1700962607173221,0.4471922621854884
PLS,base:poly+snv,poly,snv,-,True,1,oil,0.05797823018033885,0.32747344066435163
PLS,base:poly+snv,poly,snv,-,True,1,protein,0.13291152629013464,0.2665624710089674
PLS,base:poly+snv,poly,snv,-,True,1,starch,0.20702214185006992,0.2522400996207177
PLS,base:poly+snv,poly,snv,-,True,2,moisture,0.16616271605554928,0.4368507606834116
PLS,base:poly+snv,poly,snv,-,True,2,oil,0.05585992073065447,0.315508775966546
PLS,base:poly+snv,poly,snv,-,True,2,protein,0.11573458650545339,0.23211303203870157
PLS,base:poly+snv,poly,snv,-,True,2,starch,0.22707502649644784,0.27667295291690447
PLS,base:poly+snv+sg-smooth,poly,snv,smooth,True,0,moisture,0.19400485819858915,0.5100492570908518
PLS,base:poly+snv+sg-smooth,poly,snv,smooth,True,0,oil,0.05886925605889462,0.33250614534098705
PLS,base:poly+snv+sg-smooth,poly,snv,smooth,True,0,protein,0.13293990928879756,0.2666193949076646
PLS,base:poly+snv+sg-smooth,poly,snv,smooth,True,0,starch,0.20961301253020473,0.25539687054686766
PLS,base:poly+snv+sg-smooth,poly,snv,smooth,True,1,moisture,0.17010461244561048,0.4472142193305232
PLS,base:poly+snv+sg-smooth,poly,snv,smooth,True,1,oil,0.06278129198084655,0.35460216067949196
PLS,base:poly+snv+sg-smooth,poly,snv,smooth,True,1,protein,0.13535462452594735,0.27146225901707655
PLS,base:poly+snv+sg-smooth,poly,snv,smooth,True,1,starch,0.20777396226645048,0.25315613331175185
PLS,base:poly+snv+sg-smooth,poly,snv,smooth,True,2,moisture,0.16781234487498126,0.44118772400298817
PLS,base:poly+snv+sg-smooth,poly,snv,smooth,True,2,oil,0.05811445435437623,0.3282428639260643
PLS,base:poly+snv+sg-smooth,poly,snv,smooth,True,2,protein,0.11137404459303597,0.2233676894822191
PLS,base:poly+snv+sg-smooth,poly,snv,smooth,True,2,starch,0.22854431263373154,0.2784631618207819
PLS,base:poly+snv+sg-d1,poly,snv,d1,True,0,moisture,0.18716068806164327,0.49205556391137856
PLS,base:poly+snv+sg-d1,poly,snv,d1,True,0,oil,0.05416914468944746,0.30595891137280623
PLS,base:poly+snv+sg-d1,poly,snv,d1,True,0,protein,0.12529620156056054,0.2512894556873335
PLS,base:poly+snv+sg-d1,poly,snv,d1,True,0,starch,0.1935467069178849,0.23582134837338242
PLS,base:poly+snv+sg-d1,poly,snv,d1,True,1,moisture,0.16768948980251583,0.4408647313778412
PLS,base:poly+snv+sg-d1,poly,snv,d1,True,1,oil,0.050731534768319604,0.2865425555262734
PLS,base:poly+snv+sg-d1,poly,snv,d1,True,1,protein,0.10663643706647948,0.2138661179917763
PLS,base:poly+snv+sg-d1,poly,snv,d1,True,1,starch,0.20142339662192874,0.24541847155003468
PLS,base:poly+snv+sg-d1,poly,snv,d1,True,2,moisture,0.1680950574972747,0.4419309907660472
PLS,base:poly+snv+sg-d1,poly,snv,d1,True,2,oil,0.049687164137608,0.2806437269020787
PLS,base:poly+snv+sg-d1,poly,snv,d1,True,2,protein,0.09772136649503897,0.19598638019119627
PLS,base:poly+snv+sg-d1,poly,snv,d1,True,2,starch,0.18369754320854081,0.22382092168943413
PLS,base:poly+snv+sg-d2,poly,snv,d2,True,0,moisture,0.1599842992709715,0.4206073690475909
PLS,base:poly+snv+sg-d2,poly,snv,d2,True,0,oil,0.053733761286661,0.3034997728224373
PLS,base:poly+snv+sg-d2,poly,snv,d2,True,0,protein,0.11262863557841177,0.22588385104097902
PLS,base:poly+snv+sg-d2,poly,snv,d2,True,0,starch,0.19305704152921455,0.23522472984110737
PLS,base:poly+snv+sg-d2,poly,snv,d2,True,1,moisture,0.16763339621944812,0.44071725831640907
PLS,base:poly+snv+sg-d2,poly,snv,d2,True,1,oil,0.04632523722097888,0.26165484484710394
PLS,base:poly+snv+sg-d2,poly,snv,d2,True,1,protein,0.11623957402309193,0.23312581643963134
PLS,base:poly+snv+sg-d2,poly,snv,d2,True,1,starch,0.18208287620719488,0.22185357770567443
PLS,base:poly+snv+sg-d2,poly,snv,d2,True,2,moisture,0.14921771864565692,0.3923014467096605
PLS,base:poly+snv+sg-d2,poly,snv,d2,True,2,oil,0.05030668462828151,0.28414291109607503
PLS,base:poly+snv+sg-d2,poly,snv,d2,True,2,protein,0.10526424118888998,0.21111409238460574
PLS,base:poly+snv+sg-d2,poly,snv,d2,True,2,starch,0.19077536589544425,0.23244468861449696
PLS,base:als,als,-,-,False,0,moisture,0.03896916751494217,0.10245204746418951
PLS,base:als,als,-,-,False,0,oil,0.02711243812564439,0.15313684757516038
PLS,base:als,als,-,-,False,0,protein,0.06330923332744907,0.12697067097558948
PLS,base:als,als,-,-,False,0,starch,0.1504279879812714,0.1832846010337382
PLS,base:als,als,-,-,False,1,moisture,0.046080308745380855,0.12114762207676257
PLS,base:als,als,-,-,False,1,oil,0.027398146186315375,0.15475058779045234
PLS,base:als,als,-,-,False,1,protein,0.09617273137719612,0.1928804945300661
PLS,base:als,als,-,-,False,1,starch,0.18575844079693868,0.22633196233639089
PLS,base:als,als,-,-,False,2,moisture,0.04547903893854575,0.11956685125929425
PLS,base:als,als,-,-,False,2,oil,0.025948280517939924,0.1465614364926772
PLS,base:als,als,-,-,False,2,protein,0.0680793664474145,0.13653747460046123
PLS,base:als,als,-,-,False,2,starch,0.14769635962515285,0.17995632801657885
PLS,msc,-,msc,-,False,0,moisture,0.1660310181632498,0.4365045198070155
PLS,msc,-,msc,-,False,0,oil,0.05208835764200495,0.2942061812257089
PLS,msc,-,msc,-,False,0,protein,0.10374461829094725,0.20806639256515455
PLS,msc,-,msc,-,False,0,starch,0.14276661023626636,0.17394981844303548
PLS,msc,-,msc,-,False,1,moisture,0.15870517582543905,0.41724448437975703
PLS,msc,-,msc,-,False,1,oil,0.04900333977656866,0.27678134069913474
PLS,msc,-,msc,-,False,1,protein,0.13245805025805849,0.26565299614980664
PLS,msc,-,msc,-,False,1,starch,0.12861196196875382,0.15670349948803536
PLS,msc,-,msc,-,False,2,moisture,0.15813323013952965,0.41574080826100857
PLS,msc,-,msc,-,False,2,oil,0.049444202897821136,0.2792714298710448
PLS,msc,-,msc,-,False,2,protein,0.10561285513104691,0.21181325969118436
PLS,msc,-,msc,-,False,2,starch,0.1259891137169361,0.1535077664209528
PLS,msc+sg-d1,-,msc,d1,False,0,moisture,0.16368163458176174,0.43032786340012896
PLS,msc+sg-d1,-,msc,d1,False,0,oil,0.05524239600147762,0.3120208642602062
PLS,msc+sg-d1,-,msc,d1,False,0,protein,0.12063154724453533,0.24193419647401262
PLS,msc+sg-d1,-,msc,d1,False,0,starch,0.13058819445064276,0.15911138240167258
PLS,msc+sg-d1,-,msc,d1,False,1,moisture,0.15368413208579682,0.4040438890286669
PLS,msc+sg-d1,-,msc,d1,False,1,oil,0.047464616929768666,0.2680903050586346
PLS,msc+sg-d1,-,msc,d1,False,1,protein,0.11109569406573615,0.222809439897441
PLS,msc+sg-d1,-,msc,d1,False,1,starch,0.1204464252314472,0.1467544390558111
PLS,msc+sg-d1,-,msc,d1,False,2,moisture,0.16722164470319154,0.43963474132728436
PLS,msc+sg-d1,-,msc,d1,False,2,oil,0.05102706534877648,0.2882117754335165
PLS,msc+sg-d1,-,msc,d1,False,2,protein,0.09736749761517584,0.19527667377473706
PLS,msc+sg-d1,-,msc,d1,False,2,starch,0.11117351334025626,0.1354561296174801
CNN,raw,-,-,-,True,0,moisture,0.10728254477921766,0.28205160825118936
CNN,raw,-,-,-,True,0,oil,0.09773309112140457,0.5520173954385771
CNN,raw,-,-,-,True,0,protein,0.1764371727742212,0.3538559074994493
CNN,raw,-,-,-,True,0,starch,0.41113491798074103,0.5009353673102416
CNN,sg-smooth,-,-,smooth,True,0,moisture,0.1002619147709245,0.26359399253326654
CNN,sg-smooth,-,-,smooth,True,0,oil,0.09782737555012995,0.5525499340514277
CNN,sg-smooth,-,-,smooth,True,0,protein,0.17762901994864969,0.35624623237757314
CNN,sg-smooth,-,-,smooth,True,0,starch,0.3800480587619581,0.4630584890393177
CNN,sg-d1,-,-,d1,True,0,moisture,0.07077576879594272,0.18607332120236048
CNN,sg-d1,-,-,d1,True,0,oil,0.05778879542042252,0.32640347263638203
CNN,sg-d1,-,-,d1,True,0,protein,0.12143040102483005,0.2435363482481588
CNN,sg-d1,-,-,d1,True,0,starch,0.22751761147746696,0.277212207697602
CNN,sg-d2,-,-,d2,True,0,moisture,0.12070627733022567,0.31734332660609454
CNN,sg-d2,-,-,d2,True,0,oil,0.07045222051558807,0.3979292052020414
CNN,sg-d2,-,-,d2,True,0,protein,0.10928046409140746,0.2191688813927531
CNN,sg-d2,-,-,d2,True,0,starch,0.26540062234976436,0.3233696590260759
CNN,snv,-,snv,-,True,0,moisture,0.19308851911441677,0.5076401521155166
CNN,snv,-,snv,-,True,0,oil,0.0914752423508147,0.5166717275613747
CNN,snv,-,snv,-,True,0,protein,0.15888307916399277,0.31865006268166596
CNN,snv,-,snv,-,True,0,starch,0.3617929029757428,0.44081602611744586
CNN,snv+sg-smooth,-,snv,smooth,True,0,moisture,0.19308026953366877,0.507618463521886
CNN,snv+sg-smooth,-,snv,smooth,True,0,oil,0.0913321244539697,0.5158633670792644
CNN,snv+sg-smooth,-,snv,smooth,True,0,protein,0.1589928465343228,0.31887020808431116
CNN,snv+sg-smooth,-,snv,smooth,True,0,starch,0.36306099513444023,0.4423610960774975
CNN,snv+sg-d1,-,snv,d1,True,0,moisture,0.1799148890371223,0.47300596668065614
CNN,snv+sg-d1,-,snv,d1,True,0,oil,0.06951891999238703,0.3926577242935033
CNN,snv+sg-d1,-,snv,d1,True,0,protein,0.16862379024657476,0.3381856747390396
CNN,snv+sg-d1,-,snv,d1,True,0,starch,0.23983319140750564,0.292217767396089
CNN,snv+sg-d2,-,snv,d2,True,0,moisture,0.16925242387492406,0.44497376952212203
CNN,snv+sg-d2,-,snv,d2,True,0,oil,0.07255582324615004,0.409810803205729
CNN,snv+sg-d2,-,snv,d2,True,0,protein,0.13810192365130117,0.27697214114615903
CNN,snv+sg-d2,-,snv,d2,True,0,starch,0.23940498316005604,0.2916960295277149
CNN,base:poly,poly,-,-,True,0,moisture,0.07693544795014656,0.2022674505952631
CNN,base:poly,poly,-,-,True,0,oil,0.08291025134074724,0.46829482701436254
CNN,base:poly,poly,-,-,True,0,protein,0.1258056363657155,0.25231115940461424
CNN,base:poly,poly,-,-,True,0,starch,0.3095192363896887,0.3771246994343527
CNN,base:poly+sg-smooth,poly,-,smooth,True,0,moisture,0.07545117528266301,0.198365217535742
CNN,base:poly+sg-smooth,poly,-,smooth,True,0,oil,0.08513058924288733,0.48083577022683494
CNN,base:poly+sg-smooth,poly,-,smooth,True,0,protein,0.1287295306179126,0.25817521422807027
CNN,base:poly+sg-smooth,poly,-,smooth,True,0,starch,0.31676996797892093,0.38595914217582317
CNN,base:poly+sg-d1,poly,-,d1,True,0,moisture,0.06770882652150034,0.17801016421162882
CNN,base:poly+sg-d1,poly,-,d1,True,0,oil,0.055760588997848845,0.3149477291010616
CNN,base:poly+sg-d1,poly,-,d1,True,0,protein,0.11989992861999398,0.24046688905653396
CNN,base:poly+sg-d1,poly,-,d1,True,0,starch,0.2290437969623591,0.27907174395449036
CNN,base:poly+sg-d2,poly,-,d2,True,0,moisture,0.11879263881676626,0.3123122675326599
CNN,base:poly+sg-d2,poly,-,d2,True,0,oil,0.06946630211711105,0.39236052728346216
CNN,base:poly+sg-d2,poly,-,d2,True,0,protein,0.11052640690881006,0.22166769850375156
CNN,base:poly+sg-d2,poly,-,d2,True,0,starch,0.26928549870763746,0.3281030734848721
CNN,base:poly+snv,poly,snv,-,True,0,moisture,0.1866781303771838,0.49078689367936773
CNN,base:poly+snv,poly,snv,-,True,0,oil,0.09883618507991733,0.5582479059741113
CNN,base:poly+snv,poly,snv,-,True,0,protein,0.16818562804562268,0.33730691273661134
CNN,base:poly+snv,poly,snv,-,True,0,starch,0.2625391236567458,0.3198831492791413
CNN,base:poly+snv+sg-smooth,poly,snv,smooth,True,0,moisture,0.1868522982222707,0.4912447903569074
CNN,base:poly+snv+sg-smooth,poly,snv,smooth,True,0,oil,0.09886097227201551,0.5583879093349513
CNN,base:poly+snv+sg-smooth,poly,snv,smooth,True,0,protein,0.1682688345162489,0.3374737885752474
CNN,base:poly+snv+sg-smooth,poly,snv,smooth,True,0,starch,0.2629128421380836,0.3203384956789047
CNN,base:poly+snv+sg-d1,poly,snv,d1,True,0,moisture,0.18409495951375915,0.4839955978733637
CNN,base:poly+snv+sg-d1,poly,snv,d1,True,0,oil,0.07391832974366778,0.417506531227813
CNN,base:poly+snv+sg-d1,poly,snv,d1,True,0,protein,0.15101137585206256,0.3028628639002963
CNN,base:poly+snv+sg-d1,poly,snv,d1,True,0,starch,0.23476102583401573,0.28603773497000945
CNN,base:poly+snv+sg-d2,poly,snv,d2,True,0,moisture,0.17196416504522846,0.452103083613425
CNN,base:poly+snv+sg-d2,poly,snv,d2,True,0,oil,0.07682602819740883,0.4339298338036115
CNN,base:poly+snv+sg-d2,poly,snv,d2,True,0,protein,0.14144198658159934,0.28367084857114344
CNN,base:poly+snv+sg-d2,poly,snv,d2,True,0,starch,0.2396629055377641,0.29201028753734654
