model,config,moisture,oil,protein,starch,rel_rmse
CNN,base:poly+sg-d1,0.06770882652150034,0.055760588997848845,0.11989992861999398,0.2290437969623591,0.2531241315809287
CNN,sg-d1,0.07077576879594272,0.05778879542042252,0.12143040102483005,0.22751761147746696,0.25830633744612586
CNN,base:poly+sg-d2,0.11879263881676626,0.06946630211711105,0.11052640690881006,0.26928549870763746,0.31361089170118644
CNN,sg-d2,0.12070627733022567,0.07045222051558807,0.10928046409140746,0.26540062234976436,0.3144527680567412
CNN,base:poly,0.07693544795014656,0.08291025134074724,0.1258056363657155,0.3095192363896887,0.3249995341121481
CNN,base:poly+sg-smooth,0.07545117528266301,0.08513058924288733,0.1287295306179126,0.31676996797892093,0.3308338360416176
CNN,snv+sg-d2,0.16925242387492406,0.07255582324615004,0.13810192365130117,0.23940498316005604,0.35586318585043125
CNN,base:poly+snv+sg-d2,0.17196416504522846,0.07682602819740883,0.14144198658159934,0.2396629055377641,0.3654285133813816
CNN,base:poly+snv+sg-d1,0.18409495951375915,0.07391832974366778,0.15101137585206256,0.23476102583401573,0.3726006819928706
CNN,snv+sg-d1,0.1799148890371223,0.06951891999238703,0.16862379024657476,0.23983319140750564,0.374016783277322
CNN,sg-smooth,0.1002619147709245,0.09782737555012995,0.17762901994864969,0.3800480587619581,0.40886216200039627
CNN,raw,0.10728254477921766,0.09773309112140457,0.1764371727742212,0.41113491798074103,0.4222150696248643
CNN,base:poly+snv,0.1866781303771838,0.09883618507991733,0.16818562804562268,0.2625391236567458,0.4265562154173079
CNN,base:poly+snv+sg-smooth,0.1868522982222707,0.09886097227201551,0.1682688345162489,0.2629128421380836,0.4268612459865027
CNN,snv,0.19308851911441677,0.0914752423508147,0.15888307916399277,0.3617929029757428,0.4459444921190008
CNN,snv+sg-smooth,0.19308026953366877,0.0913321244539697,0.1589928465343228,0.36306099513444023,0.44617828369073975
PLS,sg-d1,0.012850008584228675,0.02037824460528072,0.05253839110914213,0.11219673341322249,0.09773898945991989
PLS,sg-smooth,0.006588241940529313,0.024953604455685004,0.08458417488199887,0.11067874447661828,0.11568908552122692
PLS,raw,0.006677500793102649,0.02577048843961705,0.08797110605574038,0.11328316087126884,0.11939273094849921
PLS,base:poly+sg-d1,0.040431906098432994,0.020486500660205353,0.04899475864201743,0.17297766002477075,0.13275787032437494
PLS,base:als,0.04350950506628959,0.026819621609966565,0.07585377705068656,0.161294262801121,0.15363141034594674
PLS,base:poly+sg-smooth,0.04773727440048203,0.02522972056456667,0.07261174507039588,0.16824418262446847,0.15465660041310492
PLS,base:poly,0.04242832274434749,0.02414471376308795,0.08451512360214426,0.16699081445524444,0.1552215947172226
PLS,base:poly+sg-d2,0.06500862951225726,0.020504430078090958,0.0767135182617049,0.17699430876465527,0.16405799463622156
PLS,sg-d2,0.06559185698901178,0.02054516942502575,0.07671919043618569,0.17689202609883012,0.16447054305321876
PLS,msc+sg-d1,0.16152913712358338,0.05124469276000759,0.10969824630848245,0.12073604434078207,0.270305974977466
PLS,snv+sg-d1,0.16132984129949549,0.051179759452921525,0.10981342106208276,0.12314827896150869,0.2708758226222781
PLS,snv+sg-d2,0.14132123048117137,0.04965818480617606,0.11824878913996768,0.16159959347625463,0.27151823520463075
PLS,msc,0.1609564747094062,0.05017863343879825,0.11393850789335087,0.13245589530731874,0.2741202080834865
PLS,snv,0.16352080691235435,0.05334593602393544,0.125736485482728,0.13854065836680518,0.28804689874432954
PLS,base:poly+snv+sg-d2,0.15894513804535884,0.05012189437864046,0.11137748359679789,0.18863842787728458,0.288547529905481
PLS,snv+sg-smooth,0.15960619821817243,0.05998345334507326,0.13490628483454145,0.1369197722573082,0.29895042129750743
PLS,base:poly+snv+sg-d1,0.17431507845381125,0.05152928119845835,0.10988466837402633,0.19288921558278482,0.30118326461163186
PLS,base:poly+snv,0.1721612347573452,0.05650232959490913,0.12450997930905246,0.21047592383254335,0.31947983151526466
PLS,base:poly+snv+sg-smooth,0.17730727183972697,0.059921667464705806,0.12655619280259364,0.21531042914346224,0.33018898995477236
