model,factor,level,mean_rel_rmse_off,mean_rel_rmse_on,effect_pct
CNN,baseline,poly,0.37822988525820267,0.35175188127674295,-7.000505516211186
CNN,scatter,snv,0.32830059132050105,0.4016811752144446,22.351645362193786
CNN,sg,d1,0.4049288278183303,0.3145119835743118,-22.329070698958397
CNN,sg,d2,0.4049288278183303,0.33733883974743517,-16.69181925995624
CNN,sg,smooth,0.4049288278183303,0.4031838819298141,-0.43092656502565774
PLS,baseline,poly,0.20333534085645133,0.23076170950975924,13.488244855905362
PLS,scatter,snv,0.1379981761342236,0.296098874231987,114.56723742782451
PLS,sg,d1,0.220535263981329,0.20063898675455122,-9.021812143595431
PLS,sg,d2,0.220535263981329,0.222148575699888,0.7315436494979677
PLS,sg,smooth,0.220535263981329,0.22487127429665288,1.9661301494580785
