model,preprocess,config,property,rmse,rel_rmse
PLS,raw,raw,moisture,0.0058631569081901815,0.015414556382749623
PLS,raw,raw,oil,0.030296341661976166,0.17112021551417583
PLS,raw,raw,protein,0.09733775784708756,0.19521702878915817
PLS,raw,raw,starch,0.10151771264099295,0.12369130046184383
CNN,raw,raw,moisture,0.12964016147220578,0.3408309908422566
CNN,raw,raw,oil,0.08935503757022986,0.5046963576293934
CNN,raw,raw,protein,0.20561991256372136,0.4123837375999022
CNN,raw,raw,starch,0.23995392259525275,0.29236486879573886
CNN+aug,raw,raw,moisture,0.13247595758720407,0.34828645208764164
CNN+aug,raw,raw,oil,0.07973468442289011,0.4503585460789846
CNN+aug,raw,raw,protein,0.18930738668512498,0.3796679353819336
CNN+aug,raw,raw,starch,0.29270554422397416,0.35663854588106075
CNN+aug x5,raw,raw,moisture,0.08575358194549629,0.22545080144028035
CNN+aug x5,raw,raw,oil,0.08266134518918893,0.4668889518505331
CNN+aug x5,raw,raw,protein,0.1602592500526804,0.32141006042496484
CNN+aug x5,raw,raw,starch,0.2756617191376024,0.3358719935727669
PLS,default,base:poly+snv+sg-d1,moisture,0.1338713662632042,0.3519550569109469
PLS,default,base:poly+snv+sg-d1,oil,0.051406601037510054,0.2903554741538449
PLS,default,base:poly+snv+sg-d1,protein,0.1092052614872597,0.21901805781448663
PLS,default,base:poly+snv+sg-d1,starch,0.12541569675344452,0.15280910322143823
CNN,default,base:poly+snv+sg-d1,moisture,0.15684571675122858,0.41235586598020607
CNN,default,base:poly+snv+sg-d1,oil,0.08302950421425007,0.46896839274194013
CNN,default,base:poly+snv+sg-d1,protein,0.16671599939419438,0.3343594795400716
CNN,default,base:poly+snv+sg-d1,starch,0.21028758164418082,0.25621877963828077
CNN+aug,default,base:poly+snv+sg-d1,moisture,0.14898902225532412,0.39170019153970387
CNN+aug,default,base:poly+snv+sg-d1,oil,0.07453781829400188,0.421005535015943
CNN+aug,default,base:poly+snv+sg-d1,protein,0.15718145494967806,0.31523734771286577
CNN+aug,default,base:poly+snv+sg-d1,starch,0.17710104684521846,0.21578361280564737
CNN+aug x5,default,base:poly+snv+sg-d1,moisture,0.14379711190195985,0.37805037862674556
CNN+aug x5,default,base:poly+snv+sg-d1,oil,0.0664733439799242,0.37545565978577655
CNN+aug x5,default,base:poly+snv+sg-d1,protein,0.1475837116283359,0.29598846654162697
CNN+aug x5,default,base:poly+snv+sg-d1,starch,0.1701393988649358,0.20730139556850463
PLS,sg-d1,sg-d1,moisture,0.013846616530981178,0.0364035031927887
PLS,sg-d1,sg-d1,oil,0.021289872117970097,0.12024974981281791
PLS,sg-d1,sg-d1,protein,0.045359949343574964,0.09097224687248516
PLS,sg-d1,sg-d1,starch,0.09490171694244405,0.11563023318093041
CNN,sg-d1,sg-d1,moisture,0.09142544688228203,0.24036244089193745
CNN,sg-d1,sg-d1,oil,0.06201122141507219,0.35025263747148644
CNN,sg-d1,sg-d1,protein,0.14079863669588422,0.28238056969130265
CNN,sg-d1,sg-d1,starch,0.18560401626296905,0.22614380826028926
CNN+aug,sg-d1,sg-d1,moisture,0.08904046517180982,0.2340921950800701
CNN+aug,sg-d1,sg-d1,oil,0.057551213886898205,0.32506156133658
CNN+aug,sg-d1,sg-d1,protein,0.13511359274305135,0.27097885453415604
CNN+aug,sg-d1,sg-d1,starch,0.16666350810130684,0.20306629769610668
CNN+aug x5,sg-d1,sg-d1,moisture,0.07218295406474196,0.18977288732459413
CNN+aug x5,sg-d1,sg-d1,oil,0.0471968867794777,0.266578107925113
CNN+aug x5,sg-d1,sg-d1,protein,0.13131721786504053,0.2633649846418648
CNN+aug x5,sg-d1,sg-d1,starch,0.17312706444523307,0.21094162968487928
