slave,preprocess,method,n_standards,flagged
mp5,base:poly+snv+sg-d1,none,0,1.0
mp5,base:poly+snv+sg-d1,PDS,3,0.15
mp5,base:poly+snv+sg-d1,DS,3,0.7
mp5,base:poly+snv+sg-d1,PDS,5,0.05
mp5,base:poly+snv+sg-d1,DS,5,0.0
mp5,base:poly+snv+sg-d1,PDS,8,0.05
mp5,base:poly+snv+sg-d1,DS,8,0.0
mp5,base:poly+snv+sg-d1,PDS,10,0.0
mp5,base:poly+snv+sg-d1,DS,10,0.05
mp5,base:poly+snv+sg-d1,PDS,15,0.0
mp5,base:poly+snv+sg-d1,DS,15,0.0
mp5,base:poly+snv+sg-d1,PDS,20,0.0
mp5,base:poly+snv+sg-d1,DS,20,0.0
mp5,base:poly+snv+sg-d1,PDS,30,0.0
mp5,base:poly+snv+sg-d1,DS,30,0.0
mp6,base:poly+snv+sg-d1,none,0,1.0
mp6,base:poly+snv+sg-d1,PDS,3,0.15
mp6,base:poly+snv+sg-d1,DS,3,0.4
mp6,base:poly+snv+sg-d1,PDS,5,0.0
mp6,base:poly+snv+sg-d1,DS,5,0.05
mp6,base:poly+snv+sg-d1,PDS,8,0.05
mp6,base:poly+snv+sg-d1,DS,8,0.05
mp6,base:poly+snv+sg-d1,PDS,10,0.0
mp6,base:poly+snv+sg-d1,DS,10,0.15
mp6,base:poly+snv+sg-d1,PDS,15,0.0
mp6,base:poly+snv+sg-d1,DS,15,0.0
mp6,base:poly+snv+sg-d1,PDS,20,0.0
mp6,base:poly+snv+sg-d1,DS,20,0.0
mp6,base:poly+snv+sg-d1,PDS,30,0.0
mp6,base:poly+snv+sg-d1,DS,30,0.0
m5,base:poly+snv+sg-d1,none,0,0.0
