half_window,rcond,property,rmse,rel_rmse
1,0.3,moisture,0.27798412660313554,0.7308352923401672
1,0.3,oil,0.07391982058091569,0.4175149517953523
1,0.3,protein,0.16205238247696452,0.32500630089563765
1,0.3,starch,0.36073265653128683,0.4395241997148103
1,0.1,moisture,0.27798412660313554,0.7308352923401672
1,0.1,oil,0.07391982058091569,0.4175149517953523
1,0.1,protein,0.16205238247696452,0.32500630089563765
1,0.1,starch,0.36073265653128683,0.4395241997148103
1,0.03,moisture,0.27798412660313554,0.7308352923401672
1,0.03,oil,0.07391982058091569,0.4175149517953523
1,0.03,protein,0.16205238247696452,0.32500630089563765
1,0.03,starch,0.36073265653128683,0.4395241997148103
1,0.01,moisture,0.27882558223357995,0.7330475246686162
1,0.01,oil,0.07376017224687222,0.41661322386949234
1,0.01,protein,0.15873678054761434,0.3183566515549146
1,0.01,starch,0.35759281594599035,0.4356985523953949
2,0.3,moisture,0.2778562511200734,0.7304991007842361
2,0.3,oil,0.07387310608053077,0.41725109830892504
2,0.3,protein,0.16278451288937143,0.32647463473604504
2,0.3,starch,0.3557480794653002,0.4334508869548535
2,0.1,moisture,0.2778562511200734,0.7304991007842361
2,0.1,oil,0.07387310608053077,0.41725109830892504
2,0.1,protein,0.16278451288937143,0.32647463473604504
2,0.1,starch,0.3557480794653002,0.4334508869548535
2,0.03,moisture,0.2778562511200734,0.7304991007842361
2,0.03,oil,0.07387310608053077,0.41725109830892504
2,0.03,protein,0.16278451288937143,0.32647463473604504
2,0.03,starch,0.3557480794653002,0.4334508869548535
2,0.01,moisture,0.3521798126786539,0.9258997608980963
2,0.01,oil,0.08965595898341445,0.5063960261125227
2,0.01,protein,0.3519754809751697,0.7059090852549714
2,0.01,starch,0.3914715537634442,0.47697711383684516
3,0.3,moisture,0.27765752916886927,0.7299766500347009
3,0.3,oil,0.07401093782033355,0.41802960144580203
3,0.3,protein,0.1637548993973197,0.32842080624285475
3,0.3,starch,0.34977135255191416,0.4261687181077641
3,0.1,moisture,0.27765752916886927,0.7299766500347009
3,0.1,oil,0.07401093782033355,0.41802960144580203
3,0.1,protein,0.1637548993973197,0.32842080624285475
3,0.1,starch,0.34977135255191416,0.4261687181077641
3,0.03,moisture,0.2783068984424795,0.7316838769498306
3,0.03,oil,0.07400758966764986,0.41801069036355987
3,0.03,protein,0.16033672085420164,0.32156543301649965
3,0.03,starch,0.3480084506211068,0.42402076159125557
3,0.01,moisture,0.44334447871158306,1.1655765948433263
3,0.01,oil,0.3919366479699295,2.213741989604407
3,0.01,protein,0.19227545328046255,0.38562058063292026
3,0.01,starch,0.7012868001842097,0.854462478072848
5,0.3,moisture,0.27684686694644894,0.7278453752401602
5,0.3,oil,0.07431160142591163,0.41972781377644663
5,0.3,protein,0.16640999710325832,0.333745772594684
5,0.3,starch,0.33596581447786783,0.4093477623008387
5,0.1,moisture,0.27684686694644894,0.7278453752401602
5,0.1,oil,0.07431160142591163,0.41972781377644663
5,0.1,protein,0.16640999710325832,0.333745772594684
5,0.1,starch,0.33596581447786783,0.4093477623008387
5,0.03,moisture,0.23733480388505482,0.6239660260438548
5,0.03,oil,0.14250425848315848,0.8048945214375858
5,0.03,protein,0.36184350778682767,0.7257000370581751
5,0.03,starch,0.9117366390180864,1.1108789552584892
5,0.01,moisture,0.5148822357017199,1.3536532241894594
5,0.01,oil,1.1987823806987496,6.770979203645085
5,0.01,protein,0.2180235528270591,0.4372600225270962
5,0.01,starch,0.9496987941774762,1.1571328376386476
8,0.3,moisture,0.2745139009851859,0.7217118816441266
8,0.3,oil,0.08350427596605554,0.4716500051093819
8,0.3,protein,0.1814565516859079,0.3639225893213766
8,0.3,starch,0.3325706346891531,0.4052110043652751
8,0.1,moisture,0.2745139009851859,0.7217118816441266
8,0.1,oil,0.08350427596605554,0.4716500051093819
8,0.1,protein,0.1814565516859079,0.3639225893213766
8,0.1,starch,0.3325706346891531,0.4052110043652751
8,0.03,moisture,0.42507466045869524,1.1175442552741202
8,0.03,oil,0.08928355953271683,0.5042926343904548
8,0.03,protein,0.22054736800692917,0.44232169347087535
8,0.03,starch,0.29422204700338206,0.35848628452744175
8,0.01,moisture,0.564502204423928,1.484106803644294
8,0.01,oil,1.282736609569901,7.245170638969056
8,0.01,protein,1.3872703906602686,2.782258496413224
8,0.01,starch,4.662444263295001,5.680819428007369
12,0.3,moisture,0.2697178700663698,0.7091028571596836
12,0.3,oil,0.1303743114003476,0.7363819867512196
12,0.3,protein,0.22216898618130881,0.4455739512671788
12,0.3,starch,0.4009076297877379,0.4884742258613177
12,0.1,moisture,0.26854950462269717,0.706031161264595
12,0.1,oil,0.1302227288140761,0.7355258158933521
12,0.1,protein,0.23078876446122817,0.4628614617034748
12,0.1,starch,0.38842227299604704,0.4732618064901709
12,0.03,moisture,0.4901028409178024,1.2885068561136628
12,0.03,oil,0.4585668215445657,2.590083456473611
12,0.03,protein,0.4453944344149992,0.8932667039887575
12,0.03,starch,1.2885070430957406,1.5699438814030229
12,0.01,moisture,0.6596100986972622,1.7341505977431686
12,0.01,oil,0.6383489815028185,3.6055315360109326
12,0.01,protein,2.9419379279490054,5.900242556219117
12,0.01,starch,5.292965317034258,6.449059443238843
