model,preprocess,train,test,property,rmse,rel_rmse
PLS,raw,m5,m5,moisture,0.0058631569081901815,0.015414556382749623
PLS,raw,m5,m5,oil,0.030296341661976166,0.17112021551417583
PLS,raw,m5,m5,protein,0.09733775784708756,0.19521702878915817
PLS,raw,m5,m5,starch,0.10151771264099295,0.12369130046184383
PLS,raw,m5,mp5,moisture,1.4671728519098108,3.857276720227553
PLS,raw,m5,mp5,oil,0.866249313156576,4.8927613376634715
PLS,raw,m5,mp5,protein,1.4973692567479522,3.0030687347634606
PLS,raw,m5,mp5,starch,0.5223557108623946,0.6364491033080127
PLS,raw,m5,mp6,moisture,1.6505262779561223,4.339322786539225
PLS,raw,m5,mp6,oil,0.8218857576840212,4.642186490768129
PLS,raw,m5,mp6,protein,1.757279329480614,3.524334821773111
PLS,raw,m5,mp6,starch,0.4006143536594454,0.4881168921038955
PLS,raw,mp5,m5,moisture,2.371548745325065,6.234929820518215
PLS,raw,mp5,m5,oil,0.16478328153965602,0.9307312072463527
PLS,raw,mp5,m5,protein,1.3849865980751563,2.7776782059617355
PLS,raw,mp5,m5,starch,4.71087538590112,5.739828918884716
PLS,raw,mp5,mp5,moisture,0.11155649179603763,0.29328804594154484
PLS,raw,mp5,mp5,oil,0.08296989172070612,0.46863168863236837
PLS,raw,mp5,mp5,protein,0.16554332088574902,0.3320075986337615
PLS,raw,mp5,mp5,starch,0.34909126693552245,0.42534008759464
PLS,raw,mp5,mp6,moisture,0.9467259002439883,2.488993557026428
PLS,raw,mp5,mp6,oil,0.121576828216565,0.6866919206967881
PLS,raw,mp5,mp6,protein,0.3894747749980569,0.7811162907911745
PLS,raw,mp5,mp6,starch,1.0187686116399879,1.2412889452019935
PLS,raw,mp6,m5,moisture,1.8768137268450358,4.934244719249948
PLS,raw,mp6,m5,oil,0.1676103706716585,0.9466992111375028
PLS,raw,mp6,m5,protein,2.5076457865106505,5.029242202879735
PLS,raw,mp6,m5,starch,5.325919260258152,6.48921121564061
PLS,raw,mp6,mp5,moisture,0.7866214124323844,2.06807020580999
PLS,raw,mp6,mp5,oil,0.14715302774021807,0.8311517641772963
PLS,raw,mp6,mp5,protein,0.6564549452999509,1.3165619055734203
PLS,raw,mp6,mp5,starch,0.9178717197473832,1.1183540657008288
PLS,raw,mp6,mp6,moisture,0.138862682096978,0.36507749599088046
PLS,raw,mp6,mp6,oil,0.08395811781328652,0.4742134009006627
PLS,raw,mp6,mp6,protein,0.19855574825378616,0.3982161093540331
PLS,raw,mp6,mp6,starch,0.35474729676643696,0.4322315124212697
PLS,default,m5,m5,moisture,0.1338713662632042,0.3519550569109469
PLS,default,m5,m5,oil,0.051406601037510054,0.2903554741538449
PLS,default,m5,m5,protein,0.1092052614872597,0.21901805781448663
PLS,default,m5,m5,starch,0.12541569675344452,0.15280910322143823
PLS,default,m5,mp5,moisture,1.7203654200350698,4.522933665483125
PLS,default,m5,mp5,oil,0.6338283304359535,3.5799979322030113
PLS,default,m5,mp5,protein,1.0526128183886418,2.1110815722098617
PLS,default,m5,mp5,starch,0.981245782148205,1.1955703463870266
PLS,default,m5,mp6,moisture,2.3886912214029357,6.2799983165827085
PLS,default,m5,mp6,oil,0.3980273249923777,2.248143435704305
PLS,default,m5,mp6,protein,1.5322775847494552,3.0730795940967557
PLS,default,m5,mp6,starch,1.4204473477932213,1.730702703157379
PLS,default,mp5,m5,moisture,1.4035286415947752,3.689952651692686
PLS,default,mp5,m5,oil,0.3008921468471958,1.6995031805980987
PLS,default,mp5,m5,protein,0.317951876387875,0.6376725946768439
PLS,default,mp5,m5,starch,1.6042794377003053,1.9546875593532427
PLS,default,mp5,mp5,moisture,0.10849898772315052,0.28524970249278436
PLS,default,mp5,mp5,oil,0.08434087616277246,0.47637530189797317
PLS,default,mp5,mp5,protein,0.17432845479923822,0.34962674024991025
PLS,default,mp5,mp5,starch,0.24621425658120696,0.29999259042089566
PLS,default,mp5,mp6,moisture,0.6229371778570184,1.6377355068861605
PLS,default,mp5,mp6,oil,0.09106664585713735,0.5143638872010926
PLS,default,mp5,mp6,protein,0.4115684250922898,0.825426503209248
PLS,default,mp5,mp6,starch,0.5158873066474267,0.6285678645719541
PLS,default,mp6,m5,moisture,0.5634269334475853,1.4812798581350557
PLS,default,mp6,m5,oil,0.5943777968326368,3.357172883302092
PLS,default,mp6,m5,protein,0.4233212225765319,0.8489974817850924
PLS,default,mp6,m5,starch,1.5629052784874389,1.9042764200020952
PLS,default,mp6,mp5,moisture,0.3412865756643513,0.897260852068441
PLS,default,mp6,mp5,oil,0.12083536473100881,0.6825039763944729
PLS,default,mp6,mp5,protein,0.22418026220909282,0.4496076925295948
PLS,default,mp6,mp5,starch,0.34052483276213763,0.41490256535678294
PLS,default,mp6,mp6,moisture,0.15067073340895631,0.3961215010497651
PLS,default,mp6,mp6,oil,0.060327638522233204,0.3407434013177311
PLS,default,mp6,mp6,protein,0.1394530889309942,0.27968198855931925
PLS,default,mp6,mp6,starch,0.24233273079815143,0.29526325837240697
CNN,raw,m5,m5,moisture,0.12964016147220578,0.3408309908422566
CNN,raw,m5,m5,oil,0.08935503757022986,0.5046963576293934
CNN,raw,m5,m5,protein,0.20561991256372136,0.4123837375999022
CNN,raw,m5,m5,starch,0.23995392259525275,0.29236486879573886
CNN,raw,m5,mp5,moisture,0.4240350727215034,1.1148111229290907
CNN,raw,m5,mp5,oil,0.5304257745095408,2.9959581873300585
CNN,raw,m5,mp5,protein,0.7570739138023421,1.5183596098283725
CNN,raw,m5,mp5,starch,1.525082398341064,1.8581922332054313
CNN,raw,m5,mp6,moisture,0.4888204811021938,1.2851354628539908
CNN,raw,m5,mp6,oil,0.700288396907483,3.9553785977824463
CNN,raw,m5,mp6,protein,0.9114939648502931,1.828058787391184
CNN,raw,m5,mp6,starch,1.7799570818964816,2.1687368686549933
CNN,raw,mp5,m5,moisture,0.49987602314401264,1.3142010803726731
CNN,raw,mp5,m5,oil,0.47200151614944663,2.6659654841390066
CNN,raw,mp5,m5,protein,0.44738480395169566,0.8972585159612166
CNN,raw,mp5,m5,starch,0.7548333551320939,0.9197047185100198
CNN,raw,mp5,mp5,moisture,0.20812225040161456,0.5471646441593684
CNN,raw,mp5,mp5,oil,0.08518505634752785,0.48114341207971967
CNN,raw,mp5,mp5,protein,0.19190105298849477,0.3848696971711236
CNN,raw,mp5,mp5,starch,0.35745815602576303,0.4355344799373017
CNN,raw,mp5,mp6,moisture,0.29806472649264826,0.7836282746947663
CNN,raw,mp5,mp6,oil,0.19898609258805164,1.123915997116138
CNN,raw,mp5,mp6,protein,0.42309256165809517,0.8485388878531515
CNN,raw,mp5,mp6,starch,0.5202356278001599,0.633865949844121
CNN,raw,mp6,m5,moisture,0.38559128636559653,1.0137403309259432
CNN,raw,mp6,m5,oil,0.25413615511877513,1.4354153421912592
CNN,raw,mp6,m5,protein,0.8319426205999318,1.6685135358441383
CNN,raw,mp6,m5,starch,2.056354171511698,2.5055048529699766
CNN,raw,mp6,mp5,moisture,0.2605435044903993,0.6849829542368728
CNN,raw,mp6,mp5,oil,0.0938033354609174,0.5298212952280821
CNN,raw,mp6,mp5,protein,0.18676408521496837,0.3745671834507145
CNN,raw,mp6,mp5,starch,0.40655618627045853,0.4953565450044873
CNN,raw,mp6,mp6,moisture,0.19059852677434472,0.5010938276831891
CNN,raw,mp6,mp6,oil,0.08329917777025127,0.47049156664644215
CNN,raw,mp6,mp6,protein,0.2071044886373556,0.41536114879691816
CNN,raw,mp6,mp6,starch,0.34998620519553747,0.42643049905422226
CNN,default,m5,m5,moisture,0.15684571675122858,0.41235586598020607
CNN,default,m5,m5,oil,0.08302950421425007,0.46896839274194013
CNN,default,m5,m5,protein,0.16671599939419438,0.3343594795400716
CNN,default,m5,m5,starch,0.21028758164418082,0.25621877963828077
CNN,default,m5,mp5,moisture,0.7102598321628358,1.8673114843613852
CNN,default,m5,mp5,oil,0.22271271638540813,1.257929041427792
CNN,default,m5,mp5,protein,0.31197189270459363,0.6256793592389397
CNN,default,m5,mp5,starch,0.7897605702232743,0.9622607665507844
CNN,default,m5,mp6,moisture,0.7478671228581476,1.9661830840648764
CNN,default,m5,mp6,oil,0.22209310983936337,1.254429371174659
CNN,default,m5,mp6,protein,0.38497423719953544,0.7720901776320769
CNN,default,m5,mp6,starch,0.671570868099948,0.8182559660434
CNN,default,mp5,m5,moisture,0.5935432270891153,1.560457221737304
CNN,default,mp5,m5,oil,0.30545440093770615,1.725271767178913
CNN,default,mp5,m5,protein,0.5134182851391782,1.029692838295577
CNN,default,mp5,m5,starch,1.2565195437809578,1.530969644436516
CNN,default,mp5,mp5,moisture,0.16781846098508513,0.4412038035869931
CNN,default,mp5,mp5,oil,0.05960756368804872,0.3366762646915743
CNN,default,mp5,mp5,protein,0.18608420252807997,0.3732036357278663
CNN,default,mp5,mp5,starch,0.25722492682752446,0.3134082209182045
CNN,default,mp5,mp6,moisture,0.2020405955533563,0.5311756448835777
CNN,default,mp5,mp6,oil,0.07950793008324314,0.4490777890852165
CNN,default,mp5,mp6,protein,0.2486777645953104,0.4987389827336028
CNN,default,mp5,mp6,starch,0.35663527796224476,0.43453186812552813
CNN,default,mp6,m5,moisture,0.47331956821138227,1.2443827251256636
CNN,default,mp6,m5,oil,0.11021933993877935,0.6225423985043573
CNN,default,mp6,m5,protein,0.7790434770324245,1.5624209581934103
CNN,default,mp6,m5,starch,1.1529826699690175,1.404818155850066
CNN,default,mp6,mp5,moisture,0.21841879664224997,0.5742348206972252
CNN,default,mp6,mp5,oil,0.12084563100309408,0.6825619624942918
CNN,default,mp6,mp5,protein,0.30800180769814195,0.6177171026990118
CNN,default,mp6,mp5,starch,0.4899755082113857,0.5969963883982005
CNN,default,mp6,mp6,moisture,0.18791921956211208,0.4940497842205323
CNN,default,mp6,mp6,oil,0.06212053584265936,0.35087006873154525
CNN,default,mp6,mp6,protein,0.18513451234091008,0.3712989720011676
CNN,default,mp6,mp6,starch,0.2866308802786028,0.34923704850957393
