t,alpha,sample,log_q,ewma,limit,alarm,err_static_moisture,err_static_oil,err_static_protein,err_static_starch,err_monitored_moisture,err_monitored_oil,err_monitored_protein,err_monitored_starch
0,0.0,57,-6.667824305595606,-6.630829123782394,-5.911817990419078,False,-0.004701505603815548,-0.006043634820530386,-0.07694294516094402,-0.24346939091758202,-0.004701505603815548,-0.006043634820530386,-0.07694294516094402,-0.24346939091758202
1,0.0,38,-8.119822037487168,-6.92862770652335,-5.911817990419078,False,0.0019702013878966085,0.02776430003110608,-0.009081761066093819,0.025403912981005305,0.0019702013878966085,0.02776430003110608,-0.009081761066093819,0.025403912981005305
2,0.0,28,-6.96510769207195,-6.935923703633071,-5.911817990419078,False,-0.009779121565737015,0.02598895554434799,0.04648662017836713,-0.28972185883148427,-0.009779121565737015,0.02598895554434799,0.04648662017836713,-0.28972185883148427
3,0.0,19,-7.822260190441887,-7.113191000994835,-5.911817990419078,False,0.009737458798367626,-0.0153993625019333,0.2028046441196416,-0.055993827793201945,0.009737458798367626,-0.0153993625019333,0.2028046441196416,-0.055993827793201945
4,0.0,22,-8.412390829602463,-7.373030966716361,-5.911817990419078,False,0.003967432405755034,0.052067174982856734,0.08370811005565315,-0.015434252525537318,0.003967432405755034,0.052067174982856734,0.08370811005565315,-0.015434252525537318
5,0.0,0,-6.804040687457001,-7.2592329108644895,-5.911817990419078,False,-0.004869235372529701,0.03929898375615348,-0.07293810113097976,-0.03255555802607546,-0.004869235372529701,0.03929898375615348,-0.07293810113097976,-0.03255555802607546
6,0.0,1,-6.089711463623595,-7.025328621416311,-5.911817990419078,False,-0.006354930214419241,0.004411120557796355,-0.06585214135728634,0.13928315370355904,-0.006354930214419241,0.004411120557796355,-0.06585214135728634,0.13928315370355904
7,0.0,0,-6.770789094660846,-6.974420716065218,-5.911817990419078,False,0.008971407522501806,0.05437365640797198,-0.13699089961007438,0.10806045031910116,0.008971407522501806,0.05437365640797198,-0.13699089961007438,0.10806045031910116
8,0.0,4,-6.736682042028176,-6.92687298125781,-5.911817990419078,False,-0.004939374644342465,0.0411134516312055,-0.14886644825519468,-0.00031572314445327265,-0.004939374644342465,0.0411134516312055,-0.14886644825519468,-0.00031572314445327265
9,0.0,51,-7.591660755119569,-7.059830536030162,-5.911817990419078,False,-0.0014080768371123042,0.07213319204144142,0.2389073629846159,0.02946106279418359,-0.0014080768371123042,0.07213319204144142,0.2389073629846159,0.02946106279418359
10,0.0,38,-8.148664665037314,-7.277597361831593,-5.911817990419078,False,0.0011228383847097234,0.0009352102755744163,0.04608003080033818,-0.15039879197387052,0.0011228383847097234,0.0009352102755744163,0.04608003080033818,-0.15039879197387052
11,0.0,65,-6.600348688176075,-7.14214762710049,-5.911817990419078,False,0.009476004189142628,0.008435529144903864,-0.011399411384637403,0.20320361602353643,0.009476004189142628,0.008435529144903864,-0.011399411384637403,0.20320361602353643
12,0.0,28,-6.956765327911609,-7.1050711672627145,-5.911817990419078,False,0.01097146664900528,0.045773780397967645,-0.04106644301030471,-0.2205323253571123,0.01097146664900528,0.045773780397967645,-0.04106644301030471,-0.2205323253571123
13,0.0,38,-8.155357314935582,-7.315128396797289,-5.911817990419078,False,0.00028137400191674544,-0.04498505100650929,-0.15156429212089328,-0.06493742356170173,0.00028137400191674544,-0.04498505100650929,-0.15156429212089328,-0.06493742356170173
14,0.0,68,-5.654401847319146,-6.982983086901661,-5.911817990419078,False,0.018855920125322,0.013846338279029258,0.0011675795099126418,-0.2512429424520235,0.018855920125322,0.013846338279029258,0.0011675795099126418,-0.2512429424520235
15,0.0,44,-7.5151340404135105,-7.089413277604032,-5.911817990419078,False,-0.009105831343681814,-0.03695659529033346,-0.019551688609762863,0.3372847498308005,-0.009105831343681814,-0.03695659529033346,-0.019551688609762863,0.3372847498308005
16,0.0,38,-8.151454494060987,-7.301821520895423,-5.911817990419078,False,0.017669552513877917,0.06902187959250261,0.008595804509889504,0.242220837606979,0.017669552513877917,0.06902187959250261,0.008595804509889504,0.242220837606979
17,0.0,28,-6.967934427851979,-7.235044102286735,-5.911817990419078,False,0.007747905766334995,0.06285386710237129,-0.09885719117947112,-0.15837209909176408,0.007747905766334995,0.06285386710237129,-0.09885719117947112,-0.15837209909176408
18,0.0,32,-6.197511791722019,-7.027537640173792,-5.911817990419078,False,-0.006029828079967103,0.06163027329746473,-0.0802072348133187,-0.00880148535584624,-0.006029828079967103,0.06163027329746473,-0.0802072348133187,-0.00880148535584624
19,0.0,65,-6.617761511037176,-6.945582414346469,-5.911817990419078,False,-0.012124972167463,-0.012896996141891659,-0.14622305310237316,0.1169894457904519,-0.012124972167463,-0.012896996141891659,-0.14622305310237316,0.1169894457904519
20,0.0,19,-7.85120229377042,-7.126706390231259,-5.911817990419078,False,0.0004716502477339901,0.09038182925999516,-0.020032048099574595,0.049984557316165024,0.0004716502477339901,0.09038182925999516,-0.020032048099574595,0.049984557316165024
21,0.0,51,-7.583818569496784,-7.218128826084365,-5.911817990419078,False,-0.008339733718612408,0.07557613428242771,0.2287611956540161,0.06500200935739997,-0.008339733718612408,0.07557613428242771,0.2287611956540161,0.06500200935739997
22,0.0,40,-7.63316097609032,-7.301135256085556,-5.911817990419078,False,0.00892979510423686,0.0016372957973618263,-0.14798182669634485,-0.12828852782395472,0.00892979510423686,0.0016372957973618263,-0.14798182669634485,-0.12828852782395472
23,0.0,0,-6.770912721630356,-7.195090749194516,-5.911817990419078,False,-0.0041473367192583765,0.047706786034211746,-0.146785953013989,-0.19987211699319118,-0.0041473367192583765,0.047706786034211746,-0.146785953013989,-0.19987211699319118
24,0.0,23,-8.262149239773386,-7.4085024473102905,-5.911817990419078,False,-0.0013004741121189767,0.007174054681259534,-0.03990882446838029,-0.5193619649368486,-0.0013004741121189767,0.007174054681259534,-0.03990882446838029,-0.5193619649368486
25,0.0,57,-6.682842753061501,-7.263370508460533,-5.911817990419078,False,-0.010810652530492959,-0.0105638975642246,0.09072123135968013,-0.10581561954120389,-0.010810652530492959,-0.0105638975642246,0.09072123135968013,-0.10581561954120389
26,0.0,32,-6.20467090953046,-7.051630588674519,-5.911817990419078,False,-0.016137013136541256,0.0184728578841451,0.08582336129594381,-0.002513536264629579,-0.016137013136541256,0.0184728578841451,0.08582336129594381,-0.002513536264629579
27,0.0,0,-6.781967124951928,-6.997697895930002,-5.911817990419078,False,0.01887699837899426,0.030988148559814466,-0.14162045397655554,-0.2593502839559534,0.01887699837899426,0.030988148559814466,-0.14162045397655554,-0.2593502839559534
28,0.0,49,-8.510481131570591,-7.30025454305812,-5.911817990419078,False,-0.001089679894800355,-0.0012627844413892753,-0.06387066139492603,-0.004424336137503815,-0.001089679894800355,-0.0012627844413892753,-0.06387066139492603,-0.004424336137503815
29,0.0,44,-7.522540058698629,-7.344711646186222,-5.911817990419078,False,0.00479138536998569,0.013380005613589763,-0.03688242024992583,-0.041297686071573025,0.00479138536998569,0.013380005613589763,-0.03688242024992583,-0.041297686071573025
30,0.0,51,-7.553576980193418,-7.386484712987662,-5.911817990419078,False,0.005233524773776921,0.0900727087841644,0.1443470535641982,-0.03735220774564141,0.005233524773776921,0.0900727087841644,0.1443470535641982,-0.03735220774564141
31,0.0,4,-6.737094596653111,-7.256606689720752,-5.911817990419078,False,-0.0006195581805990003,-0.027134475972649508,-0.1395245260870972,-0.09049590230746674,-0.0006195581805990003,-0.027134475972649508,-0.1395245260870972,-0.09049590230746674
32,0.0,1,-6.08930051512851,-7.023145454802304,-5.911817990419078,False,-0.003348243643889859,-0.025959327421011036,-0.03581599276721903,0.13497080729624145,-0.003348243643889859,-0.025959327421011036,-0.03581599276721903,0.13497080729624145
33,0.0,57,-6.674034776505916,-6.953323319143027,-5.911817990419078,False,-0.006411081712043298,0.004556219451581356,0.08203986068722458,-0.06658638916719894,-0.006411081712043298,0.004556219451581356,0.08203986068722458,-0.06658638916719894
34,0.0,0,-6.7730577904913885,-6.9172702134127,-5.911817990419078,False,0.003548459058796638,0.048688875692991296,-0.09322080239486574,0.055360247732224366,0.003548459058796638,0.048688875692991296,-0.09322080239486574,0.055360247732224366
35,0.0,28,-6.97794733676138,-6.929405638082437,-5.911817990419078,False,0.0034596683992234034,0.06126693134921135,0.036597558507423855,-0.25774932965235564,0.0034596683992234034,0.06126693134921135,0.036597558507423855,-0.25774932965235564
36,0.0,1,-6.093877631380197,-6.76230003674199,-5.911817990419078,False,-0.0025413399985811935,-0.059360285473759156,-0.10162126305545804,0.24978859228454553,-0.0025413399985811935,-0.059360285473759156,-0.10162126305545804,0.24978859228454553
37,0.0,19,-7.823708215871303,-6.974581672567853,-5.911817990419078,False,0.028663062604731948,0.018175276467744084,0.13367272973528976,-0.12576352587754513,0.028663062604731948,0.018175276467744084,0.13367272973528976,-0.12576352587754513
38,0.0,26,-7.2074702409886315,-7.021159386252009,-5.911817990419078,False,-0.00876114698720265,0.1085430963564753,-0.09983262919541325,0.01606322646462388,-0.00876114698720265,0.1085430963564753,-0.09983262919541325,0.01606322646462388
39,0.0,25,-7.727671146632619,-7.1624617383281315,-5.911817990419078,False,-0.00345741967498725,0.010704633893741544,-0.06660491498255539,0.10977814708527944,-0.00345741967498725,0.010704633893741544,-0.06660491498255539,0.10977814708527944
40,0.0,25,-7.7233847662916135,-7.274646343920828,-5.911817990419078,False,-0.01972324957437621,0.04756620747600815,-0.0963617274018933,-0.04997971375519228,-0.01972324957437621,0.04756620747600815,-0.0963617274018933,-0.04997971375519228
41,0.0,0,-6.779418089491141,-7.175600693034891,-5.911817990419078,False,-0.02617638286248969,0.05850355087896064,-0.12692491188635557,-0.3552585600170488,-0.02617638286248969,0.05850355087896064,-0.12692491188635557,-0.3552585600170488
42,0.0,0,-6.776243180750858,-7.095729190578085,-5.911817990419078,False,-0.012371360514546126,0.02078815247565924,-0.10041596660764007,-0.22258763618962973,-0.012371360514546126,0.02078815247565924,-0.10041596660764007,-0.22258763618962973
43,0.0,2,-6.963516441575159,-7.0692866407775,-5.911817990419078,False,0.003741419791175815,0.04286047393740411,0.15742906003192836,0.40264278667671505,0.003741419791175815,0.04286047393740411,0.15742906003192836,0.40264278667671505
44,0.0,0,-6.776885978220123,-7.010806508266025,-5.911817990419078,False,-0.014485058108988369,0.054983455545427606,-0.20511682854561997,-0.22135648675991604,-0.014485058108988369,0.054983455545427606,-0.20511682854561997,-0.22135648675991604
45,0.0,40,-7.608619303798229,-7.130369067372467,-5.911817990419078,False,-0.00978041015619091,-0.04098131077259737,0.02948981959501218,0.1584623146522972,-0.00978041015619091,-0.04098131077259737,0.02948981959501218,0.1584623146522972
46,0.0,28,-6.961864023756941,-7.096668058649362,-5.911817990419078,False,0.0002812498337370073,0.05484453898728647,-0.05679144633182176,-0.07418174628995189,0.0002812498337370073,0.05484453898728647,-0.05679144633182176,-0.07418174628995189
47,0.0,38,-8.103319564120257,-7.297998359743541,-5.911817990419078,False,-0.0019403704620817308,-0.020815872436352745,-0.040460315364752475,-0.08623650419876583,-0.0019403704620817308,-0.020815872436352745,-0.040460315364752475,-0.08623650419876583
48,0.0,19,-7.82075251526337,-7.402549190847507,-5.911817990419078,False,0.0017887497363595628,0.020344602711135806,0.05749449764314285,-0.16760126297289446,0.0017887497363595628,0.020344602711135806,0.05749449764314285,-0.16760126297289446
49,0.0,38,-8.099122713729042,-7.541863895423814,-5.911817990419078,False,0.021050370126680207,-0.007176464333215282,0.049791779617104126,-0.36797543531312726,0.021050370126680207,-0.007176464333215282,0.049791779617104126,-0.36797543531312726
50,0.0,49,-8.50331182430683,-7.734153481200418,-5.911817990419078,False,0.01790348792445684,-0.04004467160679992,-0.05080911942582311,-0.047475097959676305,0.01790348792445684,-0.04004467160679992,-0.05080911942582311,-0.047475097959676305
51,0.0,23,-8.224799345904948,-7.832282654141324,-5.911817990419078,False,-0.008587297986307973,0.11424033791225874,-0.12258122486279888,0.14494665065573997,-0.008587297986307973,0.11424033791225874,-0.12258122486279888,0.14494665065573997
52,0.0,26,-7.192004496700132,-7.704227022653086,-5.911817990419078,False,-0.015450445074405295,0.08292849682601933,-0.04293795651793886,0.1713694052052972,-0.015450445074405295,0.08292849682601933,-0.04293795651793886,0.1713694052052972
53,0.0,68,-5.649171390855007,-7.293215896293471,-5.911817990419078,False,0.01804259152244292,-0.009971717019035431,-0.06256139932335358,-0.32021814429486994,0.01804259152244292,-0.009971717019035431,-0.06256139932335358,-0.32021814429486994
54,0.0,51,-7.547604673708021,-7.344093651776381,-5.911817990419078,False,-0.018795131874352222,0.00975533016007546,0.19526815841945577,0.08859898117326281,-0.018795131874352222,0.00975533016007546,0.19526815841945577,0.08859898117326281
55,0.0,68,-5.646104348268224,-7.004495791074751,-5.911817990419078,False,0.017458084753860348,-0.0006529322071506805,-0.022411006525171473,-0.2494034124875384,0.017458084753860348,-0.0006529322071506805,-0.022411006525171473,-0.2494034124875384
56,0.0,23,-8.247672648166938,-7.253131162493189,-5.911817990419078,False,-0.0004427358893348554,-0.022541826762896733,0.02754471565049421,0.06429405998504478,-0.0004427358893348554,-0.022541826762896733,0.02754471565049421,0.06429405998504478
57,0.0,40,-7.597894943313035,-7.3220839186571585,-5.911817990419078,False,-0.019609779541337247,0.012175463904867456,-0.17808079018036693,-0.0481187041228992,-0.019609779541337247,0.012175463904867456,-0.17808079018036693,-0.0481187041228992
58,0.0,68,-5.649246357275332,-6.987516406380793,-5.911817990419078,False,0.015515907914119609,0.04836073604407254,-0.025622230649203104,0.05732034265383845,0.015515907914119609,0.04836073604407254,-0.025622230649203104,0.05732034265383845
59,0.0,40,-7.598649580658138,-7.109743041236262,-5.911817990419078,False,-0.014084576349610245,0.031711389896875275,-0.02765178807205615,-0.0969377492915271,-0.014084576349610245,0.031711389896875275,-0.02765178807205615,-0.0969377492915271
60,0.0,51,-7.540354481558574,-7.195865329300725,-5.911817990419078,False,-0.0005808095687847015,0.05683329914590818,0.1611868582140623,0.014946103798251897,-0.0005808095687847015,0.05683329914590818,0.1611868582140623,0.014946103798251897
61,0.008333333333333333,40,-7.742603537964004,-7.305212971033382,-5.911817990419078,False,-0.013233918836256464,-0.05397381826813108,0.00790538407337138,-0.07708637852446998,-0.013233918836256464,-0.05397381826813108,0.00790538407337138,-0.07708637852446998
62,0.016666666666666666,44,-7.66117341406857,-7.37640505964042,-5.911817990419078,False,-0.026355715685356884,0.024426113103462654,0.020136421585418063,0.06409600974748741,-0.026355715685356884,0.024426113103462654,0.020136421585418063,0.06409600974748741
63,0.025,23,-7.765001410890015,-7.454124329890339,-5.911817990419078,False,-0.03637578199020908,0.014601402938253738,-0.03989696030027545,-0.022331887772395476,-0.03637578199020908,0.014601402938253738,-0.03989696030027545,-0.022331887772395476
64,0.03333333333333333,57,-6.271022883007048,-7.217504040513681,-5.911817990419078,False,-0.061041221303037574,0.07186987143830548,0.009696862723250987,-0.11153600641365813,-0.061041221303037574,0.07186987143830548,0.009696862723250987,-0.11153600641365813
65,0.041666666666666664,2,-7.449646157427436,-7.263932463896433,-5.911817990419078,False,-0.06200289442764095,0.05471567249235987,0.11125428340940324,-0.08087833640484376,-0.06200289442764095,0.05471567249235987,0.11125428340940324,-0.08087833640484376
66,0.05,32,-5.867123037506337,-6.984570578618414,-5.911817990419078,False,-0.08748563498759587,0.09639504664266685,-0.11023695248856136,-0.11042069171459445,-0.08748563498759587,0.09639504664266685,-0.11023695248856136,-0.11042069171459445
67,0.058333333333333334,44,-7.67555902535608,-7.122768267965947,-5.911817990419078,False,-0.09001554639037401,0.02686846873827964,-0.15779340356853133,0.21288628145909172,-0.09001554639037401,0.02686846873827964,-0.15779340356853133,0.21288628145909172
68,0.06666666666666667,51,-7.4464701447205774,-7.187508643316874,-5.911817990419078,False,-0.10760311074882267,0.11412955831315763,0.026085661206899147,0.08236244558459305,-0.10760311074882267,0.11412955831315763,0.026085661206899147,0.08236244558459305
69,0.075,28,-7.179753044571481,-7.1859575235677955,-5.911817990419078,False,-0.095406897150637,0.05790522668171727,-0.2424191048401827,-0.0059084296995806085,-0.095406897150637,0.05790522668171727,-0.2424191048401827,-0.0059084296995806085
70,0.08333333333333333,23,-6.790078173335219,-7.106781653521281,-5.911817990419078,False,-0.13252313694003348,0.09270621417960978,-0.19247565395099464,-0.046556123466572785,-0.13252313694003348,0.09270621417960978,-0.19247565395099464,-0.046556123466572785
71,0.09166666666666666,22,-6.805072236226723,-7.04643977006237,-5.911817990419078,False,-0.1446264596565996,0.10097133773954514,0.1373509276606253,0.09262881545738821,-0.1446264596565996,0.10097133773954514,0.1373509276606253,0.09262881545738821
72,0.1,25,-6.355594808981767,-6.9082707778462495,-5.911817990419078,False,-0.1585991890830929,0.10391804174581187,-0.24067724192549278,0.15719884149335428,-0.1585991890830929,0.10391804174581187,-0.24067724192549278,0.15719884149335428
73,0.10833333333333334,26,-6.614734397326637,-6.8495635017423275,-5.911817990419078,False,-0.17400923356934506,0.13965775457700014,-0.24896479366307567,0.16885104105909932,-0.17400923356934506,0.13965775457700014,-0.24896479366307567,0.16885104105909932
74,0.11666666666666667,44,-6.910390898086787,-6.86172898101122,-5.911817990419078,False,-0.19744812452360527,0.07985802752902238,-0.14463389489242395,0.050486107780201905,-0.19744812452360527,0.07985802752902238,-0.14463389489242395,0.050486107780201905
75,0.125,57,-5.428393395799606,-6.575061863968898,-5.911817990419078,False,-0.20399800008745927,0.13427287179550174,-0.16707897615297895,0.22344876417341197,-0.20399800008745927,0.13427287179550174,-0.16707897615297895,0.22344876417341197
76,0.13333333333333333,1,-7.409928881957683,-6.7420352675666555,-5.911817990419078,False,-0.14748457499942091,0.06140841547378928,-0.2062596661065097,-0.06206771216260165,-0.14748457499942091,0.06140841547378928,-0.2062596661065097,-0.06206771216260165
77,0.14166666666666666,65,-5.547703739331808,-6.503168961919687,-5.911817990419078,False,-0.2591462031753693,0.05492568131231268,-0.3496488880570787,0.04336989233944166,-0.2591462031753693,0.05492568131231268,-0.3496488880570787,0.04336989233944166
78,0.15,28,-6.520131495062629,-6.506561468548276,-5.911817990419078,False,-0.2014268102109149,0.23231097886044294,-0.2243420851496971,-0.09764661174416744,-0.2014268102109149,0.23231097886044294,-0.2243420851496971,-0.09764661174416744
79,0.15833333333333333,23,-5.916016839678331,-6.388452542774288,-5.911817990419078,False,-0.2373791574369406,0.13796911495265318,-0.19776510402426162,0.007314663577773217,-0.2373791574369406,0.13796911495265318,-0.19776510402426162,0.007314663577773217
80,0.16666666666666666,40,-6.395847664197346,-6.389931567058899,-5.911817990419078,False,-0.2569471580756151,0.17210468092661513,-0.15428934262018856,-0.10113837951188032,-0.2569471580756151,0.17210468092661513,-0.15428934262018856,-0.10113837951188032
81,0.175,32,-5.033965672408857,-6.118738388128891,-5.911817990419078,False,-0.26293214992511693,0.17989418419590697,-0.33112476523793877,0.042633620509633374,-0.26293214992511693,0.17989418419590697,-0.33112476523793877,0.042633620509633374
82,0.18333333333333332,19,-5.764851531364112,-6.047961016775936,-5.911817990419078,False,-0.2528454483058695,0.19276997484749536,-0.18738115572937453,0.011371832563128237,-0.2528454483058695,0.19276997484749536,-0.18738115572937453,0.011371832563128237
83,0.19166666666666668,22,-5.612436972366884,-5.9608562078941265,-5.911817990419078,False,-0.32397528257348185,0.17639949767913166,-0.15409425201893434,0.0481089263644634,-0.32397528257348185,0.17639949767913166,-0.15409425201893434,0.0481089263644634
84,0.2,44,-5.879217497961396,-5.94452846590758,-5.911817990419078,False,-0.3258655588493067,0.15667630915214925,-0.38770779387453125,0.289335491170732,-0.3258655588493067,0.15667630915214925,-0.38770779387453125,0.289335491170732
85,0.20833333333333334,32,-4.830792444939081,-5.721781261713881,-5.911817990419078,True,-0.31747880766774017,0.14166010468546775,-0.42143443396307045,0.28986054511348414,-0.31747880766774017,0.14166010468546775,-0.42143443396307045,0.28986054511348414
86,0.21666666666666667,28,-7.019666016791023,-6.701197466021477,-5.911817990419078,False,-0.2971498649262152,0.22839168302447188,-0.3350245242420833,0.1414396795291708,0.056149796955640596,0.06956818284609323,-0.03973852429570002,0.09564116236060727
87,0.225,22,-8.205264257122407,-7.002010824241664,-5.911817990419078,False,-0.38446982873722924,0.1909364281996444,-0.1498631459747486,0.2671117408047934,-0.038789697160217074,-0.017655950187314584,0.06789515574127059,0.19574425125657058
88,0.23333333333333334,49,-8.059477273480002,-7.213504114089332,-5.911817990419078,False,-0.33223191541035213,0.1749736139923468,-0.40808096360536794,-0.005937999979934716,-0.00778605249502462,-0.015078086598923068,-0.11243898213419179,-0.08478340299824083
89,0.24166666666666667,23,-7.788915456152038,-7.328586382501874,-5.911817990419078,False,-0.3729460458769758,0.22405585252104743,-0.30820851816165273,0.06580994771594817,-0.027531804575749774,0.0395666624011799,-0.03214681767899208,0.10826065891646408
90,0.25,22,-7.603246721986147,-7.3835184503987294,-5.911817990419078,False,-0.41359404265794986,0.27314766112486977,-0.2653788980847622,0.16381062936548574,-0.07343866357127737,0.054505657971725796,0.019254906902180124,0.10378211672617965
91,0.25833333333333336,57,-6.184799858002526,-7.143774731919489,-5.911817990419078,False,-0.42468864281828544,0.20367286161082232,-0.4821437421858601,-0.07830055163090321,-0.09059344095158295,0.007645244394165029,-0.12780885513490858,-0.08589559819029091
92,0.26666666666666666,19,-7.242195188447097,-7.163458823225011,-5.911817990419078,False,-0.3672700337287029,0.30961331875700804,-0.3034549202691714,0.10715245642980165,-0.021428592188438955,0.13505852697630072,-0.042923828350671656,-0.07430571473605596
93,0.275,13,-6.481424387307579,-7.027051936041525,-5.911817990419078,False,-0.31106068737132375,0.23941492923667518,-0.20141019181929742,0.3781527790526553,0.02067634629917592,0.07291484512123247,0.09952485260319222,0.10663976876494985
94,0.2833333333333333,44,-7.428743911802352,-7.107390331193692,-5.911817990419078,False,-0.46322530365918624,0.1584518688052028,-0.33140361616048075,0.05008934356324346,-0.14085747399218462,0.0012878330380630132,-0.053552097384631736,0.132142615246309
95,0.2916666666666667,38,-6.739963836643062,-7.033905032283567,-5.911817990419078,False,-0.4555804889647703,0.23825429011565058,-0.4359729487471711,0.0606211477082752,-0.12978172343602168,0.040404947310920036,-0.1306137158055769,-0.06668400579017941
96,0.3,0,-7.465136370176697,-7.120151299862194,-5.911817990419078,False,-0.32138093011563207,0.2866560965835401,-0.5709594248014636,-0.23014330796098648,0.013584059458493059,0.08228939479052233,-0.28327063222510773,-0.35391530944644956
97,0.30833333333333335,1,-7.268639693784936,-7.149848978646743,-5.911817990419078,False,-0.3386511480540868,0.187914568598468,-0.6826332848685679,0.21656093699886014,-0.0008650925492883488,-0.009455258101127129,-0.34826859113174713,0.03818140600576214
98,0.31666666666666665,23,-6.545124322388292,-7.028904047395053,-5.911817990419078,False,-0.46246059939700146,0.3339939109002019,-0.33406753902908903,0.09296393226340172,-0.12671682613198065,0.14601317662049285,-0.044918295414584364,0.003121214663678984
99,0.325,51,-6.860845794322713,-6.995292396780585,-5.911817990419078,False,-0.5010364532219196,0.3090015527819099,-0.3923762154603576,0.25928453631262016,-0.1718326908515735,0.11376793489378079,-0.048522269867916634,0.20222021284489244
100,0.3333333333333333,25,-5.928380755637316,-6.781910068551932,-5.911817990419078,False,-0.48760981226656597,0.3174114385741982,-0.48475667914069653,0.10653665562570325,-0.15519715670817114,0.16249184901138092,-0.19640426435235447,0.06989383895483314
101,0.3416666666666667,49,-6.080702774647956,-6.641668609771138,-5.911817990419078,False,-0.4798903196066,0.28807665531970095,-0.4540383296716435,0.33612900240483157,-0.15811533802525268,0.08608859567523286,-0.20452767118296755,0.16592800804427554
102,0.35,22,-6.0152978851197245,-6.516394464840856,-5.911817990419078,False,-0.5991205563882822,0.3395771766171074,-0.4185117253402346,0.2602926289986982,-0.25802219785945724,0.08219894577862075,-0.11506140688570277,0.2098762251240487
103,0.35833333333333334,13,-5.838264091738694,-6.380768390220423,-5.911817990419078,False,-0.4205560808369331,0.3498854022908886,-0.33734469636979725,0.5822488140365323,-0.08574617131122153,0.16160872484398903,-0.07603570727686026,0.3304425715695345
104,0.36666666666666664,49,-5.799411467275061,-6.264497005631352,-5.911817990419078,False,-0.5039262430625033,0.2578639764449506,-0.4857410773191919,-0.022003851834512034,-0.18155536329558686,0.06081209420695677,-0.24077373421442694,-0.12917365161483474
105,0.375,57,-5.176028670909739,-6.046803338687029,-5.911817990419078,False,-0.5939241296567062,0.27226880144778765,-0.4924493298550665,0.02698096317431009,-0.26865327544662243,0.08975652260528832,-0.25177719301000323,0.05901179441123361
106,0.38333333333333336,1,-6.799378548423395,-6.197318380634303,-5.911817990419078,False,-0.40842087760750445,0.32585318685143116,-0.5976013604890689,0.05207083461185391,-0.0762063274685314,0.08619262839135278,-0.3046388994256741,-0.03245679801726453
107,0.39166666666666666,1,-6.699179854133385,-6.29769067533412,-5.911817990419078,False,-0.44849523413787296,0.28105548124007074,-0.647351912566112,0.004167093667817312,-0.11562967931240031,0.06493596256872225,-0.44327509849482816,-0.08647443785912401
108,0.4,40,-5.876997990692538,-6.213552138405804,-5.911817990419078,False,-0.5934319022979739,0.36883316920280107,-0.5292944856040265,0.11686155227947381,-0.2870798856338972,0.1687332331819693,-0.23757604517915176,0.022426224733777644
109,0.4083333333333333,22,-5.442073186992126,-6.0592563481230695,-5.911817990419078,False,-0.6934702823487751,0.38423428913121116,-0.5369843921897655,0.42448280095467794,-0.36397257238875014,0.1600171720246193,-0.27611737123889846,0.3385141201015074
110,0.4166666666666667,32,-4.786779970886362,-5.804761072675729,-5.911817990419078,True,-0.6162451251146752,0.2713736647542464,-0.6425752710444108,0.29164356800846747,-0.2830205573869673,0.08728220931419806,-0.3891339963287068,0.2468392135622821
111,0.425,4,-7.436165802867179,-6.784497423236709,-5.911817990419078,False,-0.5615764495009063,0.3541092479952943,-0.7138701972201797,0.4758805822712304,0.14427773234424102,-0.00215350737677511,-0.11371883518556736,0.1390998439341189
112,0.43333333333333335,57,-6.675229398264292,-6.762643818242226,-5.911817990419078,False,-0.6908321051217037,0.42060098813105284,-0.6357000355272326,0.4742787778868802,-0.0111674364403207,0.0541374135452779,-0.06099259668458323,0.09817129402671299
113,0.44166666666666665,26,-7.040821823497734,-6.8182794192933285,-5.911817990419078,False,-0.7186200354068308,0.444929499743159,-0.8356206745623957,0.41076971080330793,-0.01604454198201566,0.06225287490336573,-0.20837612906030145,0.25606586020005295
114,0.45,57,-6.459433000227723,-6.746510135480208,-5.911817990419078,False,-0.7125144415878104,0.445173364905294,-0.635659204319234,0.44331256935926433,-0.04446512925245827,0.06385642395445057,-0.05298480787690707,0.1511544728155343
115,0.4583333333333333,49,-7.268091261106731,-6.850826360605513,-5.911817990419078,False,-0.6256369329394786,0.3490328281723971,-0.6481414555088101,-0.09211004779136545,0.038946560979875144,-0.0018100424943914284,-0.13318883584576646,-0.24582164527278394
116,0.4666666666666667,44,-7.637524181924795,-7.0081659248693695,-5.911817990419078,False,-0.7614368922548476,0.34982522071298483,-0.4878480790371942,-0.05583976999650986,-0.10627399340406996,0.017387276316164435,0.06761034871167126,-0.2529729167447954
117,0.475,13,-6.454377616955657,-6.897408263286627,-5.911817990419078,False,-0.5564497129658275,0.4410679955702661,-0.5597071873625037,0.33948523398721875,0.11639719598996656,0.10181197707595757,-0.002962132069822765,-0.0013352943726374633
118,0.48333333333333334,49,-6.774846940734128,-6.872895998776127,-5.911817990419078,False,-0.682299271354589,0.3208691335118177,-0.7498857276262774,-0.03410813276430247,-0.018361424069260224,0.00503315561792439,-0.12557045954054047,-0.31869047548917706
119,0.49166666666666664,1,-6.979085563577996,-6.8941339117365015,-5.911817990419078,False,-0.5442663093139899,0.3844152255062796,-0.8418913476383842,0.06700916412061986,0.1333513916235578,-0.013547281634541886,-0.2972721731741572,-0.19753035675722685
120,0.5,32,-5.421939458200557,-6.599695021029313,-5.911817990419078,False,-0.7280768373946067,0.42381952482120466,-0.7426861461139502,0.17092443812968838,-0.03808490300152201,0.0541152085925769,-0.23169553224595774,-0.01139405307110053
121,0.5083333333333333,25,-6.115114318444342,-6.502778880512319,-5.911817990419078,False,-0.7463001544140528,0.4935386206241934,-0.6642216716915605,0.09195356706831603,-0.06738471099140853,0.14537842046974836,-0.1223663423091228,-0.04198574369389263
122,0.5166666666666667,68,-5.658648320201124,-6.3339527684500805,-5.911817990419078,False,-0.9227296910234095,0.5445092592132839,-0.686989803162021,0.13996440942938193,-0.2520247326678824,0.15570818358493277,-0.15575849704019973,-0.12189558930055
123,0.525,4,-6.552549335778824,-6.377672081915829,-5.911817990419078,False,-0.6613736190135686,0.4165043983610395,-0.9320175345723545,0.7265901200963327,0.03195768200085425,0.01985651947390421,-0.3226221511432321,0.45356976169570373
124,0.5333333333333333,65,-5.909914221102825,-6.284120509753229,-5.911817990419078,False,-0.9144039357664706,0.36434089766192157,-0.9110419507962266,0.20946591050749674,-0.26489154066930887,0.01405177801585733,-0.3825360955495185,-0.04338172203662083
125,0.5416666666666666,1,-6.8077607871397285,-6.388848565230529,-5.911817990419078,False,-0.6067114221605436,0.4036479508210431,-0.8669165541736916,0.11184669425298921,0.06914464855341507,0.026838784395797344,-0.3353652930856388,-0.20157886360098587
126,0.55,38,-6.062760918665654,-6.323631035917554,-5.911817990419078,False,-0.860266339261635,0.4827739571550147,-0.8174793689890212,0.14380174010535995,-0.20971707335751688,0.12091672020421074,-0.31864473358579914,-0.059638571165521626
127,0.5583333333333333,32,-5.071791404498878,-6.073263109633819,-5.911817990419078,False,-0.8110954359501079,0.4544854124659592,-0.963292188890259,0.4536602681002506,-0.12819931444982835,0.06372225910090457,-0.38400111120961533,0.17298428741652572
128,0.5666666666666667,57,-5.324049591802842,-5.923420406067624,-5.911817990419078,False,-0.8965864445931242,0.48807707620616547,-0.8114459458068115,0.24460286018488375,-0.23851179522778843,0.1287727959172229,-0.3017925430862949,0.12600724170545163
129,0.575,19,-5.888638443162554,-5.91646401348661,-5.911817990419078,False,-0.7892353587844347,0.533569605168549,-0.8289878193397193,-0.25854180480300215,-0.10619126226180242,0.17422190354255207,-0.23821407777844428,-0.3482877822957562
130,0.5833333333333334,65,-5.501317314670127,-5.833434673723314,-5.911817990419078,True,-0.9836243340267039,0.4506393563308868,-0.8276335944107984,0.24705513859947104,-0.3486158917121873,0.08446254003844311,-0.24581709231197202,-0.08771494896884491
131,0.5916666666666667,40,-7.779843257139685,-6.85323291409121,-5.911817990419078,False,-0.8723041707371131,0.574263831454759,-0.7430876782299736,-0.18243718132353592,0.024623074883084684,0.06977894482825908,-0.07438901601797454,-0.397784571950595
132,0.6,57,-6.780647927638104,-6.83871591680059,-5.911817990419078,False,-0.9481111010003431,0.5331699319144638,-0.9142994904151234,0.26566841651559514,-0.007547537656904524,-0.0020235535427808315,-0.09099454135824914,-0.14570959490585267
133,0.6083333333333333,4,-7.082310035651483,-6.887434740570769,-5.911817990419078,False,-0.7701895307624156,0.49579082877159797,-1.1175372151946723,0.7904153973234713,0.20728294863883256,-0.03558817530123548,-0.2786593312158363,0.30978066199882903
134,0.6166666666666667,49,-7.144998114175853,-6.938947415291786,-5.911817990419078,False,-0.8462264464122367,0.44467956563412203,-0.9279897359914813,0.10498723119212627,0.07866236112535852,-0.01618758990768354,-0.11684931957546318,-0.18200065341821414
135,0.625,65,-6.663106265818213,-6.883779185397072,-5.911817990419078,False,-1.0456870410580859,0.4769866441438242,-1.0046328604130146,0.2108063848141768,-0.13891450443415998,-0.015411445680941327,-0.1817605932825277,-0.16897892727342878
136,0.6333333333333333,0,-6.7249553340946076,-6.852014415136579,-5.911817990419078,False,-0.6618473474458799,0.5382907710541311,-1.1003327107649445,-0.1294998725912393,0.28504268564068624,0.05913184968252638,-0.2894410336253017,-0.471100314033265
137,0.6416666666666667,23,-7.455778785297932,-6.97276728916885,-5.911817990419078,False,-0.9408710345699571,0.5773069269793716,-0.8561814310721632,-0.08484844346627085,0.010438518139350705,0.06784787012381477,0.00039978058682166306,-0.3711446165481078
138,0.65,38,-6.909958116762676,-6.960205454687616,-5.911817990419078,False,-1.016628337141416,0.4379153393681854,-0.9995324374561445,0.2903636629080637,-0.10296210241738457,-0.01665167628624964,-0.2717028459925075,-0.14014541862363217
139,0.6583333333333333,2,-7.536155236356979,-7.075395411021488,-5.911817990419078,False,-0.7816898631393663,0.5180855654713823,-0.9869092367475538,0.1853686706164197,0.13641869591642752,0.03747635240536695,-0.22616324840541147,-0.10186197644531347
140,0.6666666666666666,28,-6.587009607600953,-6.977718250337382,-5.911817990419078,False,-0.931796439125554,0.6476286236117161,-1.0693455938084586,0.1964625730265439,0.05502710090534357,0.140294915663838,-0.24756188749299213,-0.060105241664942355
141,0.675,38,-6.536166714718603,-6.889407943213627,-5.911817990419078,False,-1.0644947876876536,0.5399171869891828,-1.0515822701709503,0.42276003471694423,-0.15791005412786596,0.07119036632229969,-0.30591792486495883,0.057541396994125193
142,0.6833333333333333,49,-6.057787917721776,-6.7230839381152565,-5.911817990419078,False,-0.949189877643219,0.5813116454220384,-1.008280221917401,0.12061710078394583,-0.030882693573635933,0.05073998608222485,-0.33261274612533853,-0.15148523710631423
143,0.6916666666666667,65,-6.074711733491487,-6.593409497190503,-5.911817990419078,False,-1.166347032220969,0.5173039576782128,-1.0529127070913304,0.2249284768323747,-0.2646051807258125,0.013507455153965786,-0.3148522952046342,-0.03684454633363288
144,0.7,25,-5.750720328024544,-6.424871663357312,-5.911817990419078,False,-1.0486536642329423,0.6629710740601267,-1.1732980095975893,0.3456737124786784,-0.10334605872606772,0.1954475800340605,-0.3207794702646378,0.05869797282650069
145,0.7083333333333334,25,-5.66489436954957,-6.272876204595764,-5.911817990419078,False,-1.0579953433209113,0.7052569114106495,-1.0700087433237453,0.3604334354947767,-0.1107216078061839,0.2242766253960471,-0.34915807263073795,0.11500767969246084
146,0.7166666666666667,26,-6.232090527955988,-6.264719069267809,-5.911817990419078,False,-1.1594878703281797,0.6652546532033794,-1.1777032111947108,0.7984725886175852,-0.1814367991824053,0.10317492876596557,-0.31388161900264855,0.4228681010955313
147,0.725,68,-5.450266362281181,-6.101828527870484,-5.911817990419078,False,-1.288576492030229,0.6877399915059934,-0.8979161349608438,0.25589077131176907,-0.35969615941123934,0.15828557798284315,-0.1321284025669902,0.020271648039710044
148,0.7333333333333333,4,-5.674440309934062,-6.0163508842832,-5.911817990419078,False,-0.9355290476019853,0.5558766209236281,-1.1901210117620877,0.712350076438895,0.028766627003204093,0.044726408022603525,-0.4540967143869796,0.47370759826900155
149,0.7416666666666667,26,-6.009041656894699,-6.0148890388055,-5.911817990419078,False,-1.2011418287475237,0.6529552310778257,-1.3849180043468134,0.7569550769262321,-0.22916472253521114,0.11465923177273085,-0.44596213034869336,0.45105082612367653
150,0.75,0,-6.1688833737382005,-6.045687905792041,-5.911817990419078,False,-0.7949040391111755,0.691163501722349,-1.1038301089331624,-0.12230518585910488,0.13784725230398998,0.17670378502334527,-0.3842930583068238,-0.5351011971927448
151,0.7583333333333333,25,-5.238026468895766,-5.8841556184127874,-5.911817990419078,True,-1.1023090478673883,0.70790622907134,-1.3024456010741687,0.0128037756444499,-0.16806769848058778,0.21614747040996374,-0.4260804942441041,-0.22407468834180122
152,0.7666666666666667,65,-6.992148606398902,-6.695693983943054,-5.911817990419078,False,-1.2814123774126998,0.5818265044893027,-1.2165414750463466,-0.06199811169845759,-0.0940882420207938,-0.04932662658376241,-0.17147706533438623,-0.40488538759179704
153,0.775,38,-7.582806051038408,-6.873116397362125,-5.911817990419078,False,-1.2107584678348662,0.7381347979219663,-1.1175816756184664,0.20795227629866986,-0.01867261663672437,0.07362648200114741,-0.09102373483149861,-0.29954767950781047
154,0.7833333333333333,22,-7.407202958409772,-6.979933709571655,-5.911817990419078,False,-1.3567348552051044,0.6427615920131644,-1.0736920057117096,0.8348172945200218,-0.09728643448161378,-0.03797116456009686,-0.026244119314208447,0.4453048111189446
155,0.7916666666666666,68,-5.90365654495296,-6.764678276647916,-5.911817990419078,False,-1.433698297687556,0.8070091322377433,-0.8939811473613428,0.1687599666323223,-0.20920029469442092,0.1165642930017885,0.18382672789420074,-0.18796628583523045
156,0.8,38,-7.2094223331379,-6.853627087945913,-5.911817990419078,False,-1.25677940947819,0.7072197855860223,-1.2613267827592214,0.1556078351386958,-0.0673109809471022,0.051320544117125166,-0.2835612736930866,-0.16808101658301666
157,0.8083333333333333,65,-6.700762773408742,-6.823054225038479,-5.911817990419078,False,-1.3609965335946566,0.6185282103750329,-1.292726899435376,0.26420643179937997,-0.1784038213356265,-0.016994872935816474,-0.21329475455654467,-0.28626403527095334
158,0.8166666666666667,0,-6.458716532936725,-6.750186686618129,-5.911817990419078,False,-0.8550805859990742,0.7419956906550431,-1.215591702177358,-0.1501662561930459,0.3772111553485171,0.08217488195795397,-0.21001430441565994,-0.6399230764728543
159,0.825,26,-6.677056593138112,-6.735560667922126,-5.911817990419078,False,-1.354003412797363,0.7622990924610136,-1.4299864445264863,0.8638729658888025,-0.062138579023637064,0.07490952226283243,-0.3835101232197857,0.5274670186296788
160,0.8333333333333334,51,-7.243651167543726,-6.837178767846447,-5.911817990419078,False,-1.2659558829933086,0.7651923802255012,-1.090598287519044,0.3455907318519138,-0.05031108326484279,0.08304525730273049,-0.02147490741379343,-0.011867219564337006
161,0.8416666666666667,49,-6.03869078516937,-6.677481171311031,-5.911817990419078,False,-1.1739634515756734,0.5777062506590753,-1.2592106637586227,0.046724435753887406,0.02242598287845965,-0.07120178205789962,-0.20477920650775516,-0.3008931707834961
162,0.85,25,-5.850166665944171,-6.512018270237659,-5.911817990419078,False,-1.249946874841232,0.8045634769984469,-1.3026088485601282,0.3184865595346693,-0.018657071120154356,0.15895753333955742,-0.2630308381540374,-0.02039211275040742
163,0.8583333333333333,26,-6.453022932194805,-6.500219202629088,-5.911817990419078,False,-1.4031330357752214,0.7867257618131225,-1.4222755040647774,0.9195721603384186,-0.11756486760268103,0.08797755341053026,-0.328415905939373,0.588958498466539
164,0.8666666666666667,25,-5.688995744539724,-6.337974511011216,-5.911817990419078,False,-1.2827061507083997,0.879678138313623,-1.2828618490477322,0.5758859512426895,-0.05260573431750615,0.22422065375895173,-0.2165560969743563,0.03801804069329506
165,0.875,28,-6.153444820482232,-6.30106857290542,-5.911817990419078,False,-1.2296308168722803,0.8877820073843585,-1.3083951662139093,0.19595698566600817,0.04691120785266101,0.20691540616215764,-0.24661768929916583,-0.1308727890157826
166,0.8833333333333333,13,-5.833130089831318,-6.2074808762906,-5.911817990419078,False,-1.0590175067976375,0.7715685769002252,-1.1564447248101688,0.5471091864275905,0.15682452653064516,0.14799907157035141,-0.08961549621163734,0.06063838658351983
167,0.8916666666666667,49,-5.492552398676753,-6.064495180767832,-5.911817990419078,False,-1.236214285633622,0.6896124992198422,-1.2884453800028197,0.13695867591826527,-0.04691119547786471,0.014825506471543903,-0.26517891033816987,-0.27853480208186454
168,0.9,1,-5.9118862698405525,-6.0339733985823765,-5.911817990419078,False,-1.0090924288045322,0.6593270432758929,-1.550352177350967,0.12829627495213458,0.21036958913563453,-0.0330583160570499,-0.47154471924351604,-0.43778074182930027
169,0.9083333333333333,25,-5.330797716150636,-5.893338262096029,-5.911817990419078,True,-1.3277834848465133,0.8788261435208771,-1.3000135290143486,0.14782229480154996,-0.10476118654331756,0.22905971520963186,-0.3147424072992582,-0.15902760598498844
170,0.9166666666666666,19,-7.298059414968432,-6.7568761456569595,-5.911817990419078,False,-1.2803011848905754,0.8980498676018009,-1.248249919713233,0.2341465300236223,0.24993115978552005,0.11582416550189611,0.052024321806717566,-0.24187848794733213
171,0.925,44,-7.628250096872128,-6.931150935899994,-5.911817990419078,False,-1.510440844174152,0.7697286959889627,-1.0939992633999172,-0.25988185843499423,-0.09547209417045188,0.009077233555785824,0.19766569181824956,-0.507462616413946
172,0.9333333333333333,44,-7.486620163536266,-7.042244781427248,-5.911817990419078,False,-1.5334614833646842,0.7245920015666854,-1.1502253803728504,-0.3470379891529092,-0.1176636732425802,-0.019389858426010154,0.13513943865186562,-0.7001786226960149
173,0.9416666666666667,44,-7.289605663496433,-7.091716957841086,-5.911817990419078,False,-1.5574470489071448,0.7421558980840861,-1.1988304605147695,-0.08576983763165913,-0.14217898254806727,-0.023854374610617235,0.16470886943800167,-0.4761832854375285
174,0.95,65,-6.874687404082201,-7.048311047089309,-5.911817990419078,False,-1.6041547949406034,0.7519232211736102,-1.5282775579151506,0.36487381526686846,-0.18722563941734904,-0.015079526513483987,-0.18466155348080804,0.047402587933824236
175,0.9583333333333334,65,-6.811605765227433,-7.000969990716934,-5.911817990419078,False,-1.619853012572941,0.7945893297279523,-1.4884287294651113,0.45109884774243625,-0.20394042244100063,0.03431811847921695,-0.16936211636719456,-0.029647457314936787
176,0.9666666666666667,4,-5.893999224066141,-6.779575837386775,-5.911817990419078,False,-1.2402528797879988,0.8294085242656322,-1.4908115955869983,0.8791844601959866,0.2756866733791572,0.015149017339961102,-0.2616909048909406,0.5079107758577095
177,0.975,2,-6.94207833062678,-6.812076336034776,-5.911817990419078,False,-1.1363817855434277,0.7970230816084132,-1.6061297180778302,0.16769628396292546,0.2946462975640092,0.036183907578720476,-0.3615293234475825,-0.26034613699641085
178,0.9833333333333333,2,-6.8136057791729066,-6.812382224662403,-5.911817990419078,False,-1.1565829434553923,0.7519091149279382,-1.625475429301508,0.4092971354857582,0.27811265350120884,0.02017120718415244,-0.32948409391387834,-0.07855782920902499
179,0.9916666666666667,44,-6.495997362696189,-6.74910525226916,-5.911817990419078,False,-1.6295962943451094,0.7706356249356667,-1.1630984407112388,0.2084957881439209,-0.2241931702177702,0.04323392215589994,0.15456248933715244,-0.2291503866388922
180,1.0,68,-5.6929101244793685,-6.537866226711202,-5.911817990419078,False,-1.8058559413447117,0.9360394977110342,-1.2211166783169904,0.26883442619180187,-0.35157727849054154,0.1582204445945341,0.08883612378660288,-0.23418361825443412
181,1.0,65,-6.3910661869292245,-6.508506218754807,-5.911817990419078,False,-1.6843273648564256,0.776314711762462,-1.5367614413267106,0.25271508920939567,-0.2755997453288952,0.015997209983422245,-0.23548130721113836,-0.13146686948726227
182,1.0,40,-6.275374697890755,-6.4618799145819965,-5.911817990419078,False,-1.4841103456068154,0.9051848217965257,-1.3820809782781982,-0.2613415228598228,-0.09679551972553568,0.16264007320734875,-0.1065192611906447,-0.44555109026828177
183,1.0,68,-5.700111871121427,-6.309526305889883,-5.911817990419078,False,-1.8095553988470314,1.0462537945044277,-1.2420428990455417,0.14810668490676449,-0.3563719467536437,0.24095043028116558,0.03887144041659418,-0.16357951207321264
184,1.0,57,-5.948643436304967,-6.2373497319729,-5.911817990419078,False,-1.5733902017534298,0.890161010331223,-1.4836328344328331,0.6078950104845688,-0.11269117247555727,0.09852649821940895,-0.19853972583535295,0.1811249097719383
185,1.0,0,-6.159832397115547,-6.22184626500143,-5.911817990419078,False,-1.0438548567912846,0.8890531110518549,-1.757786783270201,-0.24921659479829827,0.42512477762058154,0.11490325309752247,-0.4417887467399133,-0.8024030242117277
186,1.0,2,-6.6146527838177125,-6.300407568764687,-5.911817990419078,False,-1.1667627018052027,0.7852657404524828,-1.5271773920983653,0.3473813054569348,0.26022656562370905,0.04978925194531536,-0.26806501588913356,-0.11503201803976282
187,1.0,57,-5.943593326052647,-6.22904472022228,-5.911817990419078,False,-1.5802084583225113,0.890560849072549,-1.334104649732378,0.8463455224451479,-0.11328701270827146,0.07810567173033656,-0.14851693421885237,0.21544343120717713
188,1.0,1,-5.920968532322823,-6.167429482642389,-5.911817990419078,False,-1.111431342440195,0.6917578282880537,-1.799207280240938,0.422435388946127,0.36027859041771926,-0.10017539844211898,-0.528232307488171,-0.0774987202924251
189,1.0,68,-5.699191083483169,-6.073781802810546,-5.911817990419078,False,-1.812022933459982,0.9756679705074296,-1.2697287549344427,-0.08272211110494254,-0.35907537117699384,0.19482644681756955,-0.002289204237402309,-0.3340051345474535
190,1.0,51,-6.781801833191398,-6.215385808886717,-5.911817990419078,False,-1.5180347962747778,0.8944207563747857,-1.3268291900062952,0.833730831314071,-0.05894855355935569,0.10800229702232889,-0.07290247050606169,0.30198552982388094
191,1.0,68,-5.698678644877816,-6.1120443760849374,-5.911817990419078,False,-1.797343072681704,0.982963868246757,-1.2645048241496983,0.12521469008302688,-0.34654857032339237,0.17939940412166244,0.061061239173219484,-0.17204861702506946
192,1.0,23,-6.888938524554906,-6.267423205778931,-5.911817990419078,False,-1.4619655460876473,0.8763833228602609,-1.5234329783899474,0.3451145958967885,0.02315124832846216,0.12835409388069863,-0.13282223968774254,-0.18156642419259583
193,1.0,2,-6.5903025820922005,-6.331999081041586,-5.911817990419078,False,-1.1762270584218655,0.8644971316732426,-1.617836462103611,0.2602774715559164,0.25133122317455303,0.0969932754097318,-0.2936190010547417,-0.2184548767876393
194,1.0,28,-6.194815968407952,-6.30456245851486,-5.911817990419078,False,-1.4032691552539962,0.9525288558434841,-1.5696705539579963,0.4455464172502559,0.1371462399258263,0.16179500614761633,-0.25976569564034513,-0.0541877286241359
195,1.0,68,-5.709469591426779,-6.1855438850972435,-5.911817990419078,False,-1.8041839968057989,0.9695201768474471,-1.210243402349061,0.20069614161737093,-0.3520848351989052,0.16587452883178866,0.02952628935427004,-0.16409761295594194
196,1.0,23,-6.862383362629556,-6.320911780603707,-5.911817990419078,False,-1.4756308496407335,0.8945937957918737,-1.34165796790103,0.11873146345192254,0.009209282430077792,0.14948894514743083,0.005674433147602187,-0.29057389204413653
197,1.0,57,-5.95676087738074,-6.248081599959114,-5.911817990419078,False,-1.5798417831716662,0.8876058911041218,-1.4796680342914161,0.49385276193113725,-0.11308210237301353,0.0854788538365443,-0.20087098231110012,0.09812936289272045
198,1.0,23,-6.877296026809702,-6.373924485329232,-5.911817990419078,False,-1.4789535138202972,0.9667050504050847,-1.3543889862284058,0.2002918486996066,0.009847152763690303,0.189706027022861,-0.004163088598897247,-0.20645401819466258
199,1.0,51,-6.777028683910291,-6.454545325045444,-5.911817990419078,False,-1.520712821234607,0.8892041543412099,-1.4190420047600405,0.12093748115697167,-0.05457713179065671,0.09923446389814394,-0.07856264930936518,-0.19162580275015273
200,1.0,13,-6.007127432258434,-6.365061746488042,-5.911817990419078,False,-1.1959521231073023,0.8091032828989664,-1.35003484496203,0.7398906256867832,0.26806174486730683,0.06676214268511149,-0.055877832568086205,0.22708106139644713
201,1.0,26,-6.4194560149192785,-6.37594060017429,-5.911817990419078,False,-1.635041615050815,0.8843002953849481,-1.7118247742286616,1.016122029981915,-0.08099920850529507,0.06440297067423639,-0.3601512398923745,0.6074571942572788
202,1.0,22,-6.106638602605595,-6.322080200660551,-5.911817990419078,False,-1.7239254278648133,0.8636571299431055,-1.354368135920362,0.7890293251427494,-0.22539445445434403,0.04303948997995155,-0.1494107054721976,0.48171844047161017
203,1.0,13,-5.98717064185506,-6.255098288899453,-5.911817990419078,False,-1.1775426343569446,0.8265977305407435,-1.2542555957788153,0.636500130134678,0.2903530292092231,0.11179946128033258,-0.038108370679600156,0.1233884527093636
204,1.0,57,-5.9316836049261905,-6.190415352104801,-5.911817990419078,False,-1.5848599576632498,0.8401028422541019,-1.5457628246859967,0.5705873499677949,-0.12265672365715652,0.048493721525507016,-0.27512243196721364,0.0633869109720564
205,1.0,51,-6.781885725903144,-6.3087094268644694,-5.911817990419078,False,-1.5193921818985476,0.8902105131899307,-1.3269305773268432,0.7590018638927631,-0.05327379163407997,0.09497160924106263,-0.08335837880535202,0.25785264205146063
206,1.0,2,-6.622365071440696,-6.371440555779715,-5.911817990419078,False,-1.1797345662354726,0.8244208225920429,-1.5061303426317414,-0.007114498875814945,0.24546443631963122,0.06220376950021356,-0.25981570940487586,-0.34938465493682713
207,1.0,65,-6.390828216290123,-6.375318087881798,-5.911817990419078,False,-1.6741058694506012,0.7472696340447471,-1.6842111487518316,0.3560356043159203,-0.2640279501193028,-0.03412603717999341,-0.26442318800521214,-0.14740794112653077
208,1.0,68,-5.697934206760383,-6.239841311657515,-5.911817990419078,False,-1.8001180470710345,0.934941917631992,-1.2576041074483069,0.16374459841097178,-0.34904750521587147,0.16524839381477507,-0.0563099036682555,-0.21170854317826127
209,1.0,19,-6.326811509827968,-6.257235351291606,-5.911817990419078,False,-1.3810586741583943,0.998006731495487,-1.4272152024081546,0.17380551677224787,0.13666506604766937,0.19630924539601668,-0.16180513119168616,-0.2709714083835877
210,1.0,25,-5.746305788391811,-6.1550494387116474,-5.911817990419078,False,-1.476331779028234,0.9864015612363586,-1.5402555220732355,0.2946652438143147,-0.00445457417796824,0.21528945475536077,-0.22126647882214634,-0.10317295367473633
211,1.0,28,-6.195308466623242,-6.163101244293967,-5.911817990419078,False,-1.4038512116078348,0.9083425952884898,-1.572354232834419,0.6086140154326358,0.13409343688631026,0.13466445168597696,-0.22402282014040686,0.10596266402916399
212,1.0,40,-6.234653915139286,-6.177411778463032,-5.911817990419078,False,-1.501558093682542,0.8865296025565885,-1.3328397103851435,0.2973855023226406,-0.10691046064891374,0.1497407551279939,-0.10388719666014268,-0.14913072171526665
213,1.0,25,-5.735985489020961,-6.089126520574618,-5.911817990419078,False,-1.468118363424514,0.9754645936425037,-1.5110543303798014,0.4420239860482269,0.006066550758314193,0.20794080490420175,-0.18689567916227823,-0.11047806137504779
214,1.0,2,-6.61022102704316,-6.193345421868328,-5.911817990419078,False,-1.1793479366034845,0.8254507393917083,-1.5826310802628365,0.25968356747142707,0.24760359209134641,0.06419260913589175,-0.32907281322607673,-0.20690967812538474
215,1.0,65,-6.4032094917496964,-6.235318235844602,-5.911817990419078,False,-1.6872955496911093,0.7912646379573878,-1.6251384073218125,0.4607280797080051,-0.28071508066984485,0.02787436539404675,-0.22320554322235786,0.021109353184563417
216,1.0,40,-6.224408849740941,-6.23313635862387,-5.911817990419078,False,-1.4867967936557491,0.9523029339542757,-1.3734885520601363,0.10297626768827683,-0.09544876999710894,0.19969669719666738,-0.058223373211102825,-0.21509253781849225
217,1.0,0,-6.155725255650957,-6.217654138029288,-5.911817990419078,False,-1.0553464595493924,0.8371384435509044,-1.5014019928868008,-0.4116352863953381,0.41543001794245527,0.0919693757990161,-0.28822070830814894,-0.8453474093651465
218,1.0,51,-6.793626740124171,-6.332848658448265,-5.911817990419078,False,-1.519771169682187,0.8801428076056657,-1.4559591462506853,0.4528330119440511,-0.05461858626815186,0.08349545533034686,-0.19779791486271847,0.07969749214056776
219,1.0,44,-6.355726641693162,-6.337424255097245,-5.911817990419078,False,-1.6361918135528786,0.8283009508081007,-1.2099711078440727,-0.3242169996507869,-0.2314442212003076,0.06830278421442815,0.10092003867879384,-0.6449086877398429
220,1.0,4,-5.5736724216411035,-6.184673888406017,-5.911817990419078,False,-1.275927442966724,0.8971959161210852,-1.5969254936880812,0.8940249244917027,0.23233485482055016,0.07890099451569288,-0.31050531632940626,0.5188881085311579
221,1.0,38,-6.429337407877129,-6.233606592300241,-5.911817990419078,False,-1.5772433763941311,0.8136333348145888,-1.530677609509608,0.4167321215975335,-0.15989731234591176,0.0635326366158937,-0.3459127308726462,0.107825033094187
222,1.0,28,-6.196528112176106,-6.226190896275415,-5.911817990419078,False,-1.4117847641961951,0.9825736886944281,-1.7387368432222372,0.7810553804618365,0.12884242041492833,0.13850569611846897,-0.4030408661134217,0.2077478884486439
223,1.0,0,-6.159043153156186,-6.212761347651569,-5.911817990419078,False,-1.05046913450259,0.8934661741479588,-1.676858633546665,-0.41099673214188215,0.42145680848874,0.11355083084524464,-0.43547946408795646,-0.7754984741195585
224,1.0,65,-6.390646979098772,-6.24833847394101,-5.911817990419078,False,-1.6807689270617203,0.7913025403553822,-1.4919982392630144,0.15832818523736591,-0.26592859666111757,0.042815040435914664,-0.2257639251468131,-0.3139843791510586
225,1.0,44,-6.367171337345506,-6.27210504662191,-5.911817990419078,False,-1.639801374394569,0.8298922145509837,-1.1928524923518786,-0.3344379266172979,-0.2391436084676961,0.06601367323611074,0.11178907660605297,-0.5329382923764285
226,1.0,22,-6.0985475528037005,-6.237393547858268,-5.911817990419078,False,-1.71381105219856,0.7932737919327617,-1.4145693891374824,0.7658029237073976,-0.21950399346011729,-0.027481154375951,-0.10384356699384867,0.401244156981889
227,1.0,0,-6.173155168594794,-6.2245458720055735,-5.911817990419078,False,-1.0560063979300498,0.8500930683538601,-1.6657215889909374,-0.48263362318526504,0.4078823298557417,0.10035143038713867,-0.3044396096970541,-0.9431971409304438
228,1.0,1,-5.924645310133072,-6.164565759631073,-5.911817990419078,False,-1.1087071603883896,0.7090787758982544,-1.7366373662422543,0.25115970998979265,0.36259488503958437,-0.09115717917386634,-0.4392335342680127,-0.17836346581742646
229,1.0,49,-5.7610696694869175,-6.083866541602243,-5.911817990419078,False,-1.3794023952316152,0.7196594964267811,-1.3967875010984407,0.06793847889942128,0.05390390754223873,-0.017526212751881154,-0.0944402177043191,-0.21603582486237372
230,1.0,2,-6.589045920266985,-6.184902417335191,-5.911817990419078,False,-1.1746082191343152,0.8052119432419906,-1.576700469773014,0.25965459978375094,0.25239195351295685,0.07418852673073006,-0.3448337705050246,-0.0827924416908914
231,1.0,28,-6.191666687129908,-6.186255271294135,-5.911817990419078,False,-1.4088074695036905,0.8903398743414028,-1.7222096248798637,0.3977819932254292,0.13218671141638794,0.12042477791239214,-0.3215458841565084,-0.0784445180217972
232,1.0,57,-5.949003536738687,-6.138804924383046,-5.911817990419078,False,-1.5611637269162983,0.8747380284792579,-1.4966346957514896,0.5468690004985604,-0.092721123739123,0.07679951246275074,-0.2249036893410814,0.11480828529093401
233,1.0,65,-6.384512225607453,-6.187946384627928,-5.911817990419078,False,-1.6900774097303444,0.7907577315247694,-1.5121344621557737,0.32633895535683166,-0.27727424658386646,0.025438802437137475,-0.1759144634658707,-0.2183492229720585
234,1.0,19,-6.332911804846773,-6.216939468671697,-5.911817990419078,False,-1.3825345154861264,0.940292412555698,-1.3148741260690011,0.2025760580664695,0.13082893236522786,0.1661904976589259,-0.10805860317680249,-0.19696106349312004
235,1.0,1,-5.938674067284274,-6.161286388394212,-5.911817990419078,False,-1.1193205124072776,0.7084443511488296,-1.6884594407156914,0.2436094264995461,0.34946606950093617,-0.09301923171801585,-0.39432216065947934,-0.18993437367845445
236,1.0,26,-6.428630193309113,-6.214755149377193,-5.911817990419078,False,-1.647664020003221,0.8900191401399962,-1.641499588745976,1.3200965117209051,-0.0959234640332447,0.07755956504396133,-0.33145462381710367,0.7920912427600371
237,1.0,51,-6.756465730535535,-6.323097265608862,-5.911817990419078,False,-1.5272123693812016,0.8391038980425374,-1.4282637506822855,0.3619287570915901,-0.06756715196944008,0.07702195826372105,-0.18507182436722758,0.09253731386209552
238,1.0,38,-6.4353652913954775,-6.345550870766186,-5.911817990419078,False,-1.5581508585292472,0.8165581678602427,-1.6445302961616646,0.48317257174299755,-0.1384004887682817,0.07765426971582334,-0.3744267119786606,-0.008437819449184758
239,1.0,1,-5.9292821157854165,-6.262297119770032,-5.911817990419078,False,-1.1090337555344671,0.7226910735660881,-1.7365640698638316,0.058819194944007336,0.36168895932046574,-0.09661662028849571,-0.48403365886642113,-0.37223602839308967
