slave,preprocess,method,n_standards,property,rmse,rel_rmse
mp5,raw,master (reference),0,moisture,0.0058631569081901815,0.015414556382749623
mp5,raw,master (reference),0,oil,0.030296341661976166,0.17112021551417583
mp5,raw,master (reference),0,protein,0.09733775784708756,0.19521702878915817
mp5,raw,master (reference),0,starch,0.10151771264099295,0.12369130046184383
mp5,raw,none,0,moisture,1.4671728519098108,3.857276720227553
mp5,raw,none,0,oil,0.866249313156576,4.8927613376634715
mp5,raw,none,0,protein,1.4973692567479522,3.0030687347634606
mp5,raw,none,0,starch,0.5223557108623946,0.6364491033080127
mp5,raw,SBC,3,moisture,0.1944381540528461,0.5111884153089316
mp5,raw,SBC,3,oil,0.11912499117433853,0.6728434208431571
mp5,raw,SBC,3,protein,0.23018264458443893,0.4616458499608792
mp5,raw,SBC,3,starch,2.1041755067425174,2.5637713661787593
mp5,raw,PDS,3,moisture,0.40067233313774436,1.053389217936868
mp5,raw,PDS,3,oil,0.07618011318647334,0.43028156771563547
mp5,raw,PDS,3,protein,0.25550608028946786,0.5124336016659792
mp5,raw,PDS,3,starch,0.5485435029181972,0.6683568558699885
mp5,raw,DS,3,moisture,0.34457174629476567,0.9058977432010555
mp5,raw,DS,3,oil,0.43877268784955115,2.478281957084712
mp5,raw,DS,3,protein,0.5324363262015438,1.0678347223054552
mp5,raw,DS,3,starch,1.0285290648033445,1.2531812851047053
mp5,raw,SBC,5,moisture,0.2160687694627599,0.5680564722364085
mp5,raw,SBC,5,oil,0.11157797209891739,0.63021624344053
mp5,raw,SBC,5,protein,0.20225788607298756,0.4056409808655366
mp5,raw,SBC,5,starch,2.1438138012876475,2.6120674917791797
mp5,raw,PDS,5,moisture,0.276831920166197,0.7278060793470873
mp5,raw,PDS,5,oil,0.07415424819350305,0.41883904907534736
mp5,raw,PDS,5,protein,0.19379989637264675,0.3886779476567412
mp5,raw,PDS,5,starch,0.3650999956527052,0.44484545687706034
mp5,raw,DS,5,moisture,0.2749431583513285,0.7228404224586957
mp5,raw,DS,5,oil,0.13042708780178566,0.7366800791509193
mp5,raw,DS,5,protein,0.5475711472521574,1.0981885630154278
mp5,raw,DS,5,starch,0.8969414695490632,1.0928522118994404
mp5,raw,SBC,8,moisture,0.19852401022153843,0.521930351994292
mp5,raw,SBC,8,oil,0.10429794772947727,0.589097109224713
mp5,raw,SBC,8,protein,0.16407006935404514,0.32905289952172606
mp5,raw,SBC,8,starch,0.519765198770123,0.6332927692928014
mp5,raw,PDS,8,moisture,0.2778307262466938,0.7304319945126433
mp5,raw,PDS,8,oil,0.07630708290411839,0.4309987198289041
mp5,raw,PDS,8,protein,0.16623790601499697,0.333400633034512
mp5,raw,PDS,8,starch,0.3133184575695629,0.38175374983605626
mp5,raw,DS,8,moisture,0.19956388478329032,0.5246642384165914
mp5,raw,DS,8,oil,0.1547311698407306,0.873954731080204
mp5,raw,DS,8,protein,0.5038961639106585,1.0105956220136694
mp5,raw,DS,8,starch,0.9818040132626639,1.1962505068310456
mp5,raw,SBC,10,moisture,0.20334513853488637,0.5346053588853343
mp5,raw,SBC,10,oil,0.11620565273088404,0.6563543731166546
mp5,raw,SBC,10,protein,0.15228022746606448,0.3054076260515769
mp5,raw,SBC,10,starch,0.47594302173584646,0.5798989139209061
mp5,raw,PDS,10,moisture,0.27684686694644894,0.7278453752401602
mp5,raw,PDS,10,oil,0.07431160142591163,0.41972781377644663
mp5,raw,PDS,10,protein,0.16640999710325832,0.333745772594684
mp5,raw,PDS,10,starch,0.33596581447786783,0.4093477623008387
mp5,raw,DS,10,moisture,0.27100237858293735,0.7124798994703019
mp5,raw,DS,10,oil,0.16716128154888407,0.9441626597501556
mp5,raw,DS,10,protein,0.4677678588713984,0.938138021582474
mp5,raw,DS,10,starch,0.9470220671835173,1.1538714575873166
mp5,raw,SBC,15,moisture,0.19636099425218315,0.5162436661118386
mp5,raw,SBC,15,oil,0.11150995103697929,0.6298320459387914
mp5,raw,SBC,15,protein,0.17118651883883704,0.34332538899217035
mp5,raw,SBC,15,starch,0.3035892107433128,0.3698994323859683
mp5,raw,PDS,15,moisture,0.2413495741388886,0.6345210740172528
mp5,raw,PDS,15,oil,0.0766953223188253,0.43319157905451566
mp5,raw,PDS,15,protein,0.18864071524565057,0.3783308836512246
mp5,raw,PDS,15,starch,0.29773643391157373,0.36276828690605695
mp5,raw,DS,15,moisture,0.20886498303970666,0.5491173284054929
mp5,raw,DS,15,oil,0.18210451260068614,1.0285652238152354
mp5,raw,DS,15,protein,0.1769264878184062,0.35483725976377506
mp5,raw,DS,15,starch,0.4651736242400398,0.5667772551798584
mp5,raw,SBC,20,moisture,0.17868296890780205,0.4697671820822216
mp5,raw,SBC,20,oil,0.08695449878699514,0.4911376013108765
mp5,raw,SBC,20,protein,0.15291578688344906,0.30668228065452857
mp5,raw,SBC,20,starch,0.3035454013385682,0.3698460540926208
mp5,raw,PDS,20,moisture,0.2301996235211551,0.6052072512502309
mp5,raw,PDS,20,oil,0.07408403643968522,0.4184424780774696
mp5,raw,PDS,20,protein,0.16070468535959892,0.3223034091013441
mp5,raw,PDS,20,starch,0.30124592555626206,0.36704432479342153
mp5,raw,DS,20,moisture,0.15483792494018087,0.4070772727989482
mp5,raw,DS,20,oil,0.1084292213225753,0.6124314258061179
mp5,raw,DS,20,protein,0.22773035462710417,0.45672762737399325
mp5,raw,DS,20,starch,0.2752854865576023,0.33541358394270665
mp5,raw,SBC,30,moisture,0.18081269027324764,0.4753663346516078
mp5,raw,SBC,30,oil,0.07877495543526637,0.4449377915525893
mp5,raw,SBC,30,protein,0.1569674104844429,0.314808068002133
mp5,raw,SBC,30,starch,0.30427073402627997,0.37072981458206195
mp5,raw,PDS,30,moisture,0.2279191369187525,0.5992117287248596
mp5,raw,PDS,30,oil,0.07477257050713965,0.4223314657092511
mp5,raw,PDS,30,protein,0.16155622750671123,0.32401123072703997
mp5,raw,PDS,30,starch,0.3171693078945892,0.3864457062660722
mp5,raw,DS,30,moisture,0.15803273750005495,0.41547660768075967
mp5,raw,DS,30,oil,0.12177754043958554,0.6878255862476592
mp5,raw,DS,30,protein,0.12626527790178785,0.2532329995719323
mp5,raw,DS,30,starch,0.281519783997437,0.3430095820965077
mp6,raw,master (reference),0,moisture,0.0058631569081901815,0.015414556382749623
mp6,raw,master (reference),0,oil,0.030296341661976166,0.17112021551417583
mp6,raw,master (reference),0,protein,0.09733775784708756,0.19521702878915817
mp6,raw,master (reference),0,starch,0.10151771264099295,0.12369130046184383
mp6,raw,none,0,moisture,1.6505262779561223,4.339322786539225
mp6,raw,none,0,oil,0.8218857576840212,4.642186490768129
mp6,raw,none,0,protein,1.757279329480614,3.524334821773111
mp6,raw,none,0,starch,0.4006143536594454,0.4881168921038955
mp6,raw,SBC,3,moisture,0.20806217909226088,0.5470067134405564
mp6,raw,SBC,3,oil,0.08819974804958791,0.49817103539876784
mp6,raw,SBC,3,protein,0.3637530896727712,0.729529824288215
mp6,raw,SBC,3,starch,1.9322255814799407,2.354263987449103
mp6,raw,PDS,3,moisture,0.4280495196143771,1.1253653207690486
mp6,raw,PDS,3,oil,0.07755313053689147,0.4380366632822772
mp6,raw,PDS,3,protein,0.20812282951064898,0.4174034958159567
mp6,raw,PDS,3,starch,0.5030360294359157,0.6129096001219968
mp6,raw,DS,3,moisture,0.32359213268822956,0.850741205197696
mp6,raw,DS,3,oil,0.31173750080857543,1.7607600586695533
mp6,raw,DS,3,protein,0.5020851730705059,1.0069635653606452
mp6,raw,DS,3,starch,0.9086249839118558,1.1070876497151945
mp6,raw,SBC,5,moisture,0.24514024277232482,0.6444869467191756
mp6,raw,SBC,5,oil,0.10576718315356216,0.5973956650442762
mp6,raw,SBC,5,protein,0.16847016082979732,0.33787756122850426
mp6,raw,SBC,5,starch,1.9670058256181284,2.396640963012436
mp6,raw,PDS,5,moisture,0.3165233624086282,0.8321570261047893
mp6,raw,PDS,5,oil,0.07532117331524042,0.42543009166882395
mp6,raw,PDS,5,protein,0.15931086813716905,0.3195080205198096
mp6,raw,PDS,5,starch,0.33748310793245695,0.4111964643223674
mp6,raw,DS,5,moisture,0.2598289325825821,0.6831043060725723
mp6,raw,DS,5,oil,0.17813203037319048,1.0061277948187026
mp6,raw,DS,5,protein,0.5533221829126733,1.109722628715504
mp6,raw,DS,5,starch,0.8793475583206126,1.0714154231515176
mp6,raw,SBC,8,moisture,0.22640015658883642,0.5952182473450467
mp6,raw,SBC,8,oil,0.10834215017771313,0.6119396293628337
mp6,raw,SBC,8,protein,0.13866519489418858,0.2781018172438106
mp6,raw,SBC,8,starch,0.6187989636777662,0.7539575759790831
mp6,raw,PDS,8,moisture,0.32383092958777865,0.8513690151522587
mp6,raw,PDS,8,oil,0.08650841066415489,0.4886180002128158
mp6,raw,PDS,8,protein,0.13496361619002642,0.2706780670728755
mp6,raw,PDS,8,starch,0.29513052908012855,0.3595931980560832
mp6,raw,DS,8,moisture,0.20539609247150875,0.5399974276274015
mp6,raw,DS,8,oil,0.16489812826739317,0.9313798861205465
mp6,raw,DS,8,protein,0.3514629466474577,0.7048811652491955
mp6,raw,DS,8,starch,0.6884911010328563,0.8388719310916868
mp6,raw,SBC,10,moisture,0.22615064028331047,0.5945622554928464
mp6,raw,SBC,10,oil,0.13074525172270876,0.7384771370044596
mp6,raw,SBC,10,protein,0.1286048628444489,0.2579251851246716
mp6,raw,SBC,10,starch,0.5467738159851108,0.666200632365053
mp6,raw,PDS,10,moisture,0.3147537997683184,0.8275047502883669
mp6,raw,PDS,10,oil,0.08559338184747418,0.4834497218094665
mp6,raw,PDS,10,protein,0.1356619487906416,0.27207861726443494
mp6,raw,PDS,10,starch,0.31299610798698296,0.38136099237496524
mp6,raw,DS,10,moisture,0.2825126330304549,0.74274098047825
mp6,raw,DS,10,oil,0.15853787120174326,0.8954557942964321
mp6,raw,DS,10,protein,0.38091417939213157,0.7639474749501564
mp6,raw,DS,10,starch,0.7104992684105521,0.8656871416880482
mp6,raw,SBC,15,moisture,0.22359562970410216,0.5878449945959543
mp6,raw,SBC,15,oil,0.11809389215509115,0.6670195531181798
mp6,raw,SBC,15,protein,0.13841425086194545,0.27759853311799554
mp6,raw,SBC,15,starch,0.29415637453775845,0.35840626782428525
mp6,raw,PDS,15,moisture,0.282581666265246,0.7429224725833794
mp6,raw,PDS,15,oil,0.08360449588358224,0.4722160686320779
mp6,raw,PDS,15,protein,0.15595037083360708,0.3127683306670196
mp6,raw,PDS,15,starch,0.2822313773470181,0.34387660228953504
mp6,raw,DS,15,moisture,0.18395538866793737,0.48362865857666804
mp6,raw,DS,15,oil,0.17051085447712916,0.9630817638372713
mp6,raw,DS,15,protein,0.26085648850671245,0.5231641836937717
mp6,raw,DS,15,starch,0.3883681525426748,0.4731958649999123
mp6,raw,SBC,20,moisture,0.20204219860611694,0.5311798593959216
mp6,raw,SBC,20,oil,0.08909821286097352,0.5032457567585804
mp6,raw,SBC,20,protein,0.13133699012962993,0.2634046391688536
mp6,raw,SBC,20,starch,0.29252911574811663,0.3564235817427877
mp6,raw,PDS,20,moisture,0.26864332736123403,0.7062778263148072
mp6,raw,PDS,20,oil,0.08159693686957596,0.4608769460750684
mp6,raw,PDS,20,protein,0.14358042573257557,0.2879596235186391
mp6,raw,PDS,20,starch,0.27900871870147137,0.3399500477165224
mp6,raw,DS,20,moisture,0.15767320595103165,0.4145313798076909
mp6,raw,DS,20,oil,0.11221970664654703,0.6338408973779094
mp6,raw,DS,20,protein,0.15056415381934088,0.3019659318323302
mp6,raw,DS,20,starch,0.28530824032902796,0.34762551638232586
mp6,raw,SBC,30,moisture,0.20404059081689052,0.5364337405200625
mp6,raw,SBC,30,oil,0.0808199903194183,0.4564885858370785
mp6,raw,SBC,30,protein,0.13692846860757982,0.2746187028492465
mp6,raw,SBC,30,starch,0.29362861476041485,0.3577632342935561
mp6,raw,PDS,30,moisture,0.26256475192619533,0.690296922982796
mp6,raw,PDS,30,oil,0.08226033071472776,0.4646239363559322
mp6,raw,PDS,30,protein,0.14997647825959462,0.30078731133394254
mp6,raw,PDS,30,starch,0.28428384177645405,0.346377367799554
mp6,raw,DS,30,moisture,0.1609207174412637,0.42306926302549847
mp6,raw,DS,30,oil,0.10817478828365984,0.6109943336007648
mp6,raw,DS,30,protein,0.10916140041628651,0.21893009166297173
mp6,raw,DS,30,starch,0.2847344757117956,0.34692642959423564
